episode,reward_ep,mean_reward,steps,n_steps_ep,time,hour_minute
1,-100,-76.5,88,88,2023-06-13 05:44:32.998884,5:44
2,-100,-93.66666666666667,181,93,2023-06-13 05:44:34.408104,5:44
3,-100,-92.25,281,188,2023-06-13 05:44:35.994021,5:44
4,-100,-94.0,383,195,2023-06-13 05:44:37.663734,5:44
5,-100,-104.0,447,252,2023-06-13 05:44:38.628775,5:44
6,-100,-121.28571428571429,557,305,2023-06-13 05:44:40.520765,5:44
7,-100,-119.0,662,357,2023-06-13 05:44:42.159683,5:44
8,-100,-143.44444444444446,762,405,2023-06-13 05:44:43.588238,5:44
9,-100,-138.4,842,437,2023-06-13 05:44:44.789818,5:44
10,-100,-132.36363636363637,990,553,2023-06-13 05:44:47.152948,5:44
11,-100,-128.33333333333334,1051,498,2023-06-13 05:44:48.545104,5:44
12,-100,-127.3076923076923,1137,639,2023-06-13 05:44:50.198271,5:44
13,-100,-128.78571428571428,1202,563,2023-06-13 05:44:51.435624,5:44
14,-100,-125.86666666666666,1271,708,2023-06-13 05:44:52.691381,5:44
15,-100,-140.0,1357,649,2023-06-13 05:44:54.378156,5:44
16,-100,-138.23529411764707,1445,796,2023-06-13 05:44:56.057195,5:44
17,-100,-145.44444444444446,1551,755,2023-06-13 05:44:57.955516,5:44
18,-100,-144.78947368421052,1673,918,2023-06-13 05:45:00.301148,5:45
19,-100,-138.25,1782,864,2023-06-13 05:45:02.596678,5:45
20,-100,-132.14285714285714,1914,1050,2023-06-13 05:45:05.370497,5:45
21,-100,-129.0909090909091,1996,946,2023-06-13 05:45:07.073432,5:45
22,-100,-136.69565217391303,2116,1170,2023-06-13 05:45:09.315891,5:45
23,-100,-143.20833333333334,2205,1035,2023-06-13 05:45:11.039673,5:45
24,-100,-141.72,2312,1277,2023-06-13 05:45:13.011321,5:45
25,-100,-142.46153846153845,2389,1112,2023-06-13 05:45:14.603250,5:45
26,-100,-146.03703703703704,2517,1405,2023-06-13 05:45:17.051087,5:45
27,-100,-147.39285714285714,2612,1207,2023-06-13 05:45:18.869295,5:45
28,-100,-144.75862068965517,2718,1511,2023-06-13 05:45:20.955607,5:45
29,-100,-139.66666666666666,2800,1289,2023-06-13 05:45:22.646630,5:45
30,-100,-140.8709677419355,2914,1625,2023-06-13 05:45:24.822792,5:45
31,-100,-141.0,3006,1381,2023-06-13 05:45:26.473305,5:45
32,-100,-139.54545454545453,3098,1717,2023-06-13 05:45:27.648233,5:45
33,-100,-140.05882352941177,3199,1482,2023-06-13 05:45:29.002489,5:45
34,-100,-135.57142857142858,3272,1790,2023-06-13 05:45:29.848286,5:45
35,-100,-135.08333333333334,3370,1580,2023-06-13 05:45:30.943382,5:45
36,-100,-134.48648648648648,3446,1866,2023-06-13 05:45:31.919587,5:45
37,-100,-133.31578947368422,3560,1694,2023-06-13 05:45:33.387557,5:45
38,-100,-132.4102564102564,3664,1970,2023-06-13 05:45:34.609956,5:45
39,-100,-132.375,3781,1811,2023-06-13 05:45:36.138457,5:45
40,-100,-129.6341463414634,3896,2085,2023-06-13 05:45:37.423791,5:45
41,-100,-129.21428571428572,3967,1882,2023-06-13 05:45:38.344714,5:45
42,-100,-126.97674418604652,4050,2168,2023-06-13 05:45:39.475298,5:45
43,-100,-125.70454545454545,4160,1992,2023-06-13 05:45:40.777943,5:45
44,-100,-124.71111111111111,4222,2230,2023-06-13 05:45:41.537868,5:45
45,-100,-124.52173913043478,4352,2122,2023-06-13 05:45:43.169368,5:45
46,-100,-124.36170212765957,4410,2288,2023-06-13 05:45:43.886937,5:45
47,-100,-126.52083333333333,4487,2199,2023-06-13 05:45:44.855397,5:45
48,-100,-127.57142857142857,4605,2406,2023-06-13 05:45:46.414123,5:45
49,-100,-127.44,4687,2281,2023-06-13 05:45:47.379104,5:45
50,-100,-126.29411764705883,4772,2491,2023-06-13 05:45:48.434427,5:45
51,-100,-127.07692307692308,4878,2387,2023-06-13 05:45:49.783630,5:45
52,-100,-126.0754716981132,4966,2579,2023-06-13 05:45:50.983596,5:45
53,-100,-125.48148148148148,5074,2495,2023-06-13 05:45:52.349866,5:45
54,-100,-123.96363636363637,5172,2677,2023-06-13 05:45:53.467995,5:45
55,-100,-124.67857142857143,5259,2582,2023-06-13 05:45:54.547319,5:45
56,-100,-125.82456140350877,5347,2765,2023-06-13 05:45:55.629660,5:45
57,-100,-125.34482758620689,5437,2672,2023-06-13 05:45:56.834335,5:45
58,-100,-129.45762711864407,5545,2873,2023-06-13 05:45:58.175120,5:45
59,-100,-128.05,5646,2773,2023-06-13 05:45:59.370990,5:45
60,-100,-125.68852459016394,5727,2954,2023-06-13 05:46:00.311005,5:46
61,-100,-126.6774193548387,5825,2871,2023-06-13 05:46:01.598945,5:46
62,-100,-127.06349206349206,5930,3059,2023-06-13 05:46:03.042847,5:46
63,-100,-127.03125,6040,2981,2023-06-13 05:46:04.530312,5:46
64,-100,-126.58461538461539,6132,3151,2023-06-13 05:46:05.878560,5:46
65,-100,-126.01515151515152,6209,3058,2023-06-13 05:46:07.025196,5:46
66,-100,-124.8955223880597,6298,3240,2023-06-13 05:46:08.249208,5:46
67,-100,-123.70588235294117,6387,3147,2023-06-13 05:46:09.375615,5:46
68,-100,-123.21739130434783,6520,3373,2023-06-13 05:46:11.258383,5:46
69,-100,-123.67142857142858,6618,3245,2023-06-13 05:46:12.806426,5:46
70,-100,-122.53521126760563,6731,3486,2023-06-13 05:46:14.395948,5:46
71,-100,-122.11111111111111,6789,3303,2023-06-13 05:46:15.076648,5:46
72,-100,-122.6986301369863,6911,3608,2023-06-13 05:46:16.820128,5:46
73,-100,-122.33783783783784,7007,3399,2023-06-13 05:46:18.106808,5:46
74,-100,-122.84,7082,3683,2023-06-13 05:46:19.030209,5:46
75,-100,-122.01315789473684,7186,3503,2023-06-13 05:46:20.338796,5:46
76,-100,-121.7012987012987,7248,3745,2023-06-13 05:46:21.136798,5:46
77,-100,-120.58974358974359,7332,3587,2023-06-13 05:46:22.280529,5:46
78,-100,-120.0379746835443,7398,3811,2023-06-13 05:46:23.179579,5:46
79,-100,-119.5625,7491,3680,2023-06-13 05:46:24.368723,5:46
80,-100,-118.45679012345678,7584,3904,2023-06-13 05:46:25.508495,5:46
81,-100,-118.0,7659,3755,2023-06-13 05:46:26.505433,5:46
82,-100,-120.04819277108433,7789,4034,2023-06-13 05:46:27.963836,5:46
83,-100,-119.46428571428571,7867,3833,2023-06-13 05:46:28.849824,5:46
84,-100,-118.67058823529412,7945,4112,2023-06-13 05:46:29.654471,5:46
85,-100,-118.67441860465117,8068,3956,2023-06-13 05:46:31.366825,5:46
86,-100,-118.2183908045977,8179,4223,2023-06-13 05:46:32.924434,5:46
87,-100,-117.89772727272727,8271,4048,2023-06-13 05:46:34.324538,5:46
88,-100,-117.4494382022472,8331,4283,2023-06-13 05:46:35.016433,5:46
89,-100,-117.06666666666666,8419,4136,2023-06-13 05:46:36.089950,5:46
90,-100,-116.3956043956044,8489,4353,2023-06-13 05:46:36.925838,5:46
91,-100,-116.1413043478261,8590,4237,2023-06-13 05:46:38.162044,5:46
92,-100,-115.59139784946237,8675,4438,2023-06-13 05:46:39.335216,5:46
93,-100,-116.25531914893617,8763,4325,2023-06-13 05:46:40.407855,5:46
94,-100,-115.82105263157895,8880,4555,2023-06-13 05:46:41.811971,5:46
95,-100,-115.0,9004,4449,2023-06-13 05:46:43.426062,5:46
96,-100,-115.43298969072166,9128,4679,2023-06-13 05:46:45.118807,5:46
97,-100,-115.15306122448979,9223,4544,2023-06-13 05:46:46.432139,5:46
98,-100,-115.52525252525253,9311,4767,2023-06-13 05:46:47.584667,5:46
99,-100,-115.14,9393,4626,2023-06-13 05:46:48.601756,5:46
100,-100,-114.15,9484,4858,2023-06-13 05:46:49.758054,5:46
101,-100,-113.49,9563,4705,2023-06-13 05:46:50.757851,5:46
102,-100,-113.49,9650,4945,2023-06-13 05:46:51.783748,5:46
103,-100,-113.11,9730,4785,2023-06-13 05:46:52.820109,5:46
104,-100,-112.08,9869,5084,2023-06-13 05:46:54.623114,5:46
105,-100,-110.76,9996,4912,2023-06-13 05:46:56.289915,5:46
106,-100,-110.52,10093,5181,2023-06-13 05:46:57.435698,5:46
107,-100,-107.69,10193,5012,2023-06-13 05:46:58.782199,5:46
108,-100,-107.71,10299,5287,2023-06-13 05:47:00.066991,5:47
109,-100,-107.95,10406,5119,2023-06-13 05:47:01.535776,5:47
110,-100,-107.45,10522,5403,2023-06-13 05:47:03.045504,5:47
111,-100,-106.65,10661,5258,2023-06-13 05:47:04.642812,5:47
112,-100,-106.4,10764,5506,2023-06-13 05:47:06.032899,5:47
113,-100,-106.38,10880,5374,2023-06-13 05:47:07.514077,5:47
114,-100,-103.63,10994,5620,2023-06-13 05:47:08.963125,5:47
115,-100,-103.83,11095,5475,2023-06-13 05:47:10.184991,5:47
116,-100,-101.68,11179,5704,2023-06-13 05:47:11.234795,5:47
117,-100,-101.26,11243,5539,2023-06-13 05:47:11.945239,5:47
118,-100,-102.14,11350,5811,2023-06-13 05:47:13.253622,5:47
119,-100,-102.41,11521,5710,2023-06-13 05:47:15.439265,5:47
120,-100,-102.41,11626,5916,2023-06-13 05:47:16.808647,5:47
121,-100,-99.75,11725,5809,2023-06-13 05:47:17.916618,5:47
122,-100,-97.79,11797,5988,2023-06-13 05:47:18.889287,5:47
123,-100,-97.37,11946,5958,2023-06-13 05:47:20.824969,5:47
124,-100,-96.57,12022,6064,2023-06-13 05:47:21.717984,5:47
125,-100,-95.08,12104,6040,2023-06-13 05:47:22.643657,5:47
126,-100,-94.51,12181,6141,2023-06-13 05:47:23.503108,5:47
127,-100,-96.14,12295,6154,2023-06-13 05:47:24.842649,5:47
128,-100,-96.87,12382,6228,2023-06-13 05:47:25.866684,5:47
129,-100,-96.01,12472,6244,2023-06-13 05:47:27.017303,5:47
130,-100,-95.34,12580,6336,2023-06-13 05:47:28.387955,5:47
131,-100,-94.7,12685,6349,2023-06-13 05:47:29.762110,5:47
132,-100,-93.95,12775,6426,2023-06-13 05:47:30.923069,5:47
133,-100,-94.51,12877,6451,2023-06-13 05:47:32.304700,5:47
134,-100,-93.88,13058,6607,2023-06-13 05:47:34.840255,5:47
135,-100,-93.71,13151,6544,2023-06-13 05:47:36.342043,5:47
136,-100,-93.78,13209,6665,2023-06-13 05:47:37.193759,5:47
137,-100,-93.2,13281,6616,2023-06-13 05:47:38.109359,5:47
138,-100,-92.46,13382,6766,2023-06-13 05:47:39.261836,5:47
139,-100,-92.47,13456,6690,2023-06-13 05:47:40.147106,5:47
140,-100,-91.57,13579,6889,2023-06-13 05:47:41.808966,5:47
141,-100,-91.79,13737,6848,2023-06-13 05:47:43.751951,5:47
142,-100,-91.12,13902,7054,2023-06-13 05:47:45.780404,5:47
143,-100,-90.56,14000,6946,2023-06-13 05:47:46.990502,5:47
144,-100,-89.96,14125,7179,2023-06-13 05:47:48.675118,5:47
145,-100,-89.25,14211,7032,2023-06-13 05:47:49.806596,5:47
146,-100,-87.11,14321,7289,2023-06-13 05:47:51.160760,5:47
147,-100,-85.57,14447,7158,2023-06-13 05:47:52.686979,5:47
148,-100,-85.21,14658,7500,2023-06-13 05:47:55.644073,5:47
149,-100,-84.76,14741,7241,2023-06-13 05:47:56.825963,5:47
150,-100,-83.66,14868,7627,2023-06-13 05:47:58.873493,5:47
151,-100,-82.73,15034,7407,2023-06-13 05:48:01.198526,5:48
152,-100,-82.43,15126,7719,2023-06-13 05:48:02.453253,5:48
153,-100,-82.61,15228,7509,2023-06-13 05:48:03.800833,5:48
154,-100,-81.02,15332,7823,2023-06-13 05:48:05.065451,5:48
155,-100,-79.48,15483,7660,2023-06-13 05:48:06.877075,5:48
156,-100,-78.86,15603,7943,2023-06-13 05:48:08.420272,5:48
157,-100,-75.53,15693,7750,2023-06-13 05:48:09.518387,5:48
158,-100,-75.26,15826,8076,2023-06-13 05:48:11.149998,5:48
159,-100,-77.26,16141,8065,2023-06-13 05:48:15.372119,5:48
160,-100,-76.19,16226,8161,2023-06-13 05:48:16.396284,5:48
161,-100,-75.47,16420,8259,2023-06-13 05:48:18.813075,5:48
162,-100,-75.12,16574,8315,2023-06-13 05:48:20.877130,5:48
163,-100,-74.72,16665,8350,2023-06-13 05:48:22.132321,5:48
164,-100,-74.58,16771,8421,2023-06-13 05:48:23.518645,5:48
165,100,-72.53,17233,8812,2023-06-13 05:48:29.140520,5:48
166,-100,-72.26,17356,8544,2023-06-13 05:48:30.669022,5:48
167,-100,-71.4,17425,8881,2023-06-13 05:48:31.522234,5:48
168,-100,-70.42,17513,8632,2023-06-13 05:48:32.685140,5:48
169,-100,-70.44,17632,9000,2023-06-13 05:48:34.165214,5:48
170,-100,-70.27,17835,8835,2023-06-13 05:48:36.897016,5:48
171,-100,-68.73,17976,9141,2023-06-13 05:48:38.495803,5:48
172,-100,-70.12,18144,9003,2023-06-13 05:48:40.590002,5:48
173,-100,-68.15,18262,9259,2023-06-13 05:48:42.020294,5:48
174,-100,-67.98,18396,9137,2023-06-13 05:48:43.645687,5:48
175,-100,-67.02,18521,9384,2023-06-13 05:48:45.174046,5:48
176,-100,-66.7,18676,9292,2023-06-13 05:48:47.177430,5:48
177,0,-65.0,19676,10384,2023-06-13 05:49:00.287860,5:49
178,-100,-65.7,19864,9480,2023-06-13 05:49:02.710551,5:49
179,-100,-65.27,20040,10560,2023-06-13 05:49:04.947363,5:49
180,-100,-65.2,20098,9538,2023-06-13 05:49:05.677911,5:49
181,-100,-63.8,20321,10783,2023-06-13 05:49:08.579102,5:49
182,-100,-64.49,20584,9801,2023-06-13 05:49:12.063769,5:49
183,-100,-66.67,20926,11125,2023-06-13 05:49:16.451366,5:49
184,-100,-66.83,21091,9966,2023-06-13 05:49:18.764178,5:49
185,-100,-67.9,21353,11387,2023-06-13 05:49:22.198245,5:49
186,0,-66.13,22353,10966,2023-06-13 05:49:34.630904,5:49
187,-100,-64.88,22460,11494,2023-06-13 05:49:35.945524,5:49
188,-100,-68.56,22663,11169,2023-06-13 05:49:38.520435,5:49
189,-100,-69.93,23166,11997,2023-06-13 05:49:44.945803,5:49
190,-100,-70.03,23312,11315,2023-06-13 05:49:46.796067,5:49
191,-100,-71.62,23554,12239,2023-06-13 05:49:49.951304,5:49
192,-100,-77.68,23777,11538,2023-06-13 05:49:52.832317,5:49
193,-100,-82.24,24020,12482,2023-06-13 05:49:56.031961,5:49
194,-100,-85.07,24242,11760,2023-06-13 05:49:58.975764,5:49
195,-100,-84.7,24406,12646,2023-06-13 05:50:01.160021,5:50
196,-100,-84.69,24627,11981,2023-06-13 05:50:03.803824,5:50
197,-100,-84.98,24903,12922,2023-06-13 05:50:07.114845,5:50
198,-100,-85.84,25258,12336,2023-06-13 05:50:11.893723,5:50
199,-100,-86.55,25604,13268,2023-06-13 05:50:16.309407,5:50
200,-100,-86.58,25832,12564,2023-06-13 05:50:19.288101,5:50
201,-4,-87.09,26832,14268,2023-06-13 05:50:32.368693,5:50
202,-100,-88.18,27449,13181,2023-06-13 05:50:40.248186,5:50
203,-100,-89.38,27648,14467,2023-06-13 05:50:42.856472,5:50
204,-100,-90.5,27962,13495,2023-06-13 05:50:47.159960,5:50
205,-100,-91.01,28471,14976,2023-06-13 05:50:53.866029,5:50
206,-100,-91.87,29119,14143,2023-06-13 05:51:02.047041,5:51
207,-100,-92.28,29407,15264,2023-06-13 05:51:05.812924,5:51
208,100,-89.48,29730,14466,2023-06-13 05:51:10.163538,5:51
209,-100,-91.3,30730,16264,2023-06-13 05:51:23.218708,5:51
210,-100,-92.69,31400,15136,2023-06-13 05:51:31.854355,5:51
211,3,-92.45,32400,17264,2023-06-13 05:51:45.320812,5:51
212,-100,-92.43,32504,15240,2023-06-13 05:51:46.572349,5:51
213,-100,-93.08,32614,17374,2023-06-13 05:51:48.018140,5:51
214,2,-92.74,33614,16240,2023-06-13 05:52:01.953346,5:52
215,1,-93.67,34614,18374,2023-06-13 05:52:15.381237,5:52
216,-100,-94.37,35269,16895,2023-06-13 05:52:24.385406,5:52
217,-100,-95.17,36210,19315,2023-06-13 05:52:34.323994,5:52
218,-100,-96.57,36745,17430,2023-06-13 05:52:40.124402,5:52
219,-100,-96.44,36931,19501,2023-06-13 05:52:42.092806,5:52
220,-100,-97.15,37160,17659,2023-06-13 05:52:44.230345,5:52
221,-100,-96.14,37376,19717,2023-06-13 05:52:46.420511,5:52
222,-100,-96.59,37544,17827,2023-06-13 05:52:48.154355,5:52
223,2,-96.93,38544,20717,2023-06-13 05:52:58.413053,5:52
224,0,-95.92,39544,18827,2023-06-13 05:53:08.571349,5:53
225,0,-95.52,40544,21717,2023-06-13 05:53:18.990280,5:53
226,-100,-93.08,40842,19125,2023-06-13 05:53:22.004276,5:53
227,-100,-92.6,40999,21874,2023-06-13 05:53:23.489432,5:53
228,-100,-91.48,41213,19339,2023-06-13 05:53:25.563015,5:53
229,100,-88.31,41679,22340,2023-06-13 05:53:30.235875,5:53
230,0,-88.33,42679,20339,2023-06-13 05:53:41.678094,5:53
231,100,-85.17,42981,22642,2023-06-13 05:53:45.041648,5:53
232,100,-82.46,43872,21230,2023-06-13 05:53:55.505662,5:53
233,0,-81.09,44872,23642,2023-06-13 05:54:05.765579,5:54
234,-100,-82.48,45150,21508,2023-06-13 05:54:08.358285,5:54
235,100,-79.71,45564,24056,2023-06-13 05:54:12.472593,5:54
236,2,-80.06,46564,22508,2023-06-13 05:54:22.391548,5:54
237,-100,-79.51,46787,24279,2023-06-13 05:54:24.487877,5:54
238,100,-77.16,47107,22828,2023-06-13 05:54:27.576114,5:54
239,3,-77.19,48107,25279,2023-06-13 05:54:38.118053,5:54
240,-100,-77.62,48289,23010,2023-06-13 05:54:39.871617,5:54
241,-100,-77.7,48488,25478,2023-06-13 05:54:41.977674,5:54
242,-3,-77.76,49488,24010,2023-06-13 05:54:52.373878,5:54
243,0,-76.08,50488,26478,2023-06-13 05:55:02.685598,5:55
244,-100,-76.99,51168,24690,2023-06-13 05:55:09.811758,5:55
245,0,-76.29,52168,27478,2023-06-13 05:55:19.635378,5:55
246,-100,-76.04,52394,24916,2023-06-13 05:55:21.681516,5:55
247,100,-73.0,52854,27938,2023-06-13 05:55:26.091928,5:55
248,0,-72.02,53854,25916,2023-06-13 05:55:35.958584,5:55
249,-100,-73.44,54719,28803,2023-06-13 05:55:45.040851,5:55
250,100,-71.34,55476,26673,2023-06-13 05:55:52.832655,5:55
251,-100,-71.27,55711,29038,2023-06-13 05:55:55.091677,5:55
252,100,-68.45,56538,27500,2023-06-13 05:56:03.890534,5:56
253,100,-66.64,56976,29476,2023-06-13 05:56:08.428888,5:56
254,-100,-68.17,57066,27590,2023-06-13 05:56:09.241077,5:56
255,-100,-68.89,57418,29828,2023-06-13 05:56:12.585991,5:56
256,-1,-67.52,58418,28590,2023-06-13 05:56:22.581141,5:56
257,-2,-67.01,59418,30828,2023-06-13 05:56:32.659968,5:56
258,100,-62.55,59910,29082,2023-06-13 05:56:37.383707,5:56
259,-100,-64.61,60117,31035,2023-06-13 05:56:39.646773,5:56
260,0,-62.95,61117,30082,2023-06-13 05:56:49.749753,5:56
261,100,-60.29,61770,31688,2023-06-13 05:56:56.293324,5:56
262,-100,-60.02,62055,30367,2023-06-13 05:56:59.397726,5:56
263,-100,-59.49,62474,32107,2023-06-13 05:57:03.466090,5:57
264,0,-59.06,63474,31367,2023-06-13 05:57:14.401772,5:57
265,0,-56.69,64474,33107,2023-06-13 05:57:25.039911,5:57
266,100,-54.73,65294,32187,2023-06-13 05:57:33.259335,5:57
267,-100,-54.59,65442,33255,2023-06-13 05:57:34.592483,5:57
268,0,-52.79,66442,33187,2023-06-13 05:57:44.439771,5:57
269,100,-49.55,67059,33872,2023-06-13 05:57:50.481214,5:57
270,-100,-50.42,67234,33362,2023-06-13 05:57:52.164298,5:57
271,-100,-50.16,67432,34070,2023-06-13 05:57:54.308386,5:57
272,0,-48.37,68432,34362,2023-06-13 05:58:04.582279,5:58
273,-100,-48.88,68592,34230,2023-06-13 05:58:06.268036,5:58
274,-100,-48.88,68744,34514,2023-06-13 05:58:07.706722,5:58
275,-100,-49.57,68891,34377,2023-06-13 05:58:09.120297,5:58
276,-100,-50.64,69056,34679,2023-06-13 05:58:10.915547,5:58
277,100,-46.78,69472,34793,2023-06-13 05:58:15.385441,5:58
278,-100,-46.82,69646,34853,2023-06-13 05:58:17.001440,5:58
279,100,-43.92,70092,35239,2023-06-13 05:58:21.479885,5:58
280,-100,-45.07,70233,34994,2023-06-13 05:58:22.880049,5:58
281,-13,-41.63,71233,36239,2023-06-13 05:58:32.894480,5:58
282,100,-36.26,71777,35538,2023-06-13 05:58:38.827462,5:58
283,100,-32.01,72754,37216,2023-06-13 05:58:48.546608,5:58
284,-100,-30.39,72882,35666,2023-06-13 05:58:49.655702,5:58
285,100,-28.73,73555,37889,2023-06-13 05:58:56.275316,5:58
286,100,-26.69,74052,36163,2023-06-13 05:59:00.863373,5:59
287,-100,-22.46,74194,38031,2023-06-13 05:59:02.283138,5:59
288,-100,-20.56,74322,36291,2023-06-13 05:59:03.550608,5:59
289,-100,-21.68,74450,38159,2023-06-13 05:59:04.919329,5:59
290,100,-17.19,74889,36730,2023-06-13 05:59:09.496479,5:59
291,-100,-9.76,75014,38284,2023-06-13 05:59:10.752356,5:59
292,0,-2.66,76014,37730,2023-06-13 05:59:21.308404,5:59
293,100,2.89,76760,39030,2023-06-13 05:59:28.947853,5:59
294,0,5.98,77760,38730,2023-06-13 05:59:38.896794,5:59
295,-100,6.63,77919,39189,2023-06-13 05:59:40.466585,5:59
296,-100,5.98,78020,38831,2023-06-13 05:59:41.409752,5:59
297,0,9.77,79020,40189,2023-06-13 05:59:51.756724,5:59
298,0,13.07,80020,39831,2023-06-13 06:00:01.961345,6:0
299,0,15.41,81020,41189,2023-06-13 06:00:12.059797,6:0
300,-100,16.43,81105,39916,2023-06-13 06:00:12.784099,6:0
301,-100,16.74,81240,41324,2023-06-13 06:00:14.078843,6:0
302,-100,17.54,81371,40047,2023-06-13 06:00:15.384135,6:0
303,-100,18.77,81481,41434,2023-06-13 06:00:16.466862,6:0
304,-100,20.3,81585,40151,2023-06-13 06:00:17.388549,6:0
305,-100,21.51,81719,41568,2023-06-13 06:00:18.568568,6:0
306,-100,22.12,81836,40268,2023-06-13 06:00:19.652306,6:0
307,-100,17.09,81936,41668,2023-06-13 06:00:20.633086,6:0
308,-100,15.37,81996,40328,2023-06-13 06:00:21.252397,6:0
309,-100,11.36,82084,41756,2023-06-13 06:00:22.121461,6:0
310,100,14.45,82334,40578,2023-06-13 06:00:24.419345,6:0
311,100,17.58,82524,41946,2023-06-13 06:00:26.265628,6:0
312,100,21.62,82884,40938,2023-06-13 06:00:30.103300,6:0
313,-100,22.54,83003,42065,2023-06-13 06:00:31.292164,6:0
314,-100,23.57,83134,41069,2023-06-13 06:00:32.459143,6:0
315,-100,25.04,83256,42187,2023-06-13 06:00:33.632188,6:0
316,-100,23.81,83310,41123,2023-06-13 06:00:34.191025,6:0
317,-100,22.52,83368,42245,2023-06-13 06:00:34.908884,6:0
318,-100,19.26,83432,41187,2023-06-13 06:00:35.637266,6:0
319,1,22.22,84432,43245,2023-06-13 06:00:45.641031,6:0
320,-100,18.59,84490,41245,2023-06-13 06:00:46.124697,6:0
321,-100,16.04,84565,43320,2023-06-13 06:00:46.805627,6:0
322,-100,15.55,84643,41323,2023-06-13 06:00:47.612614,6:0
323,100,17.87,84892,43569,2023-06-13 06:00:50.116824,6:0
324,-100,16.33,84943,41374,2023-06-13 06:00:50.568330,6:0
325,-100,14.89,85033,43659,2023-06-13 06:00:51.428316,6:0
326,-100,15.35,85176,41517,2023-06-13 06:00:52.769487,6:0
327,-100,15.28,85328,43811,2023-06-13 06:00:54.393410,6:0
328,-100,12.24,85439,41628,2023-06-13 06:00:55.542721,6:0
329,-100,10.56,85527,43899,2023-06-13 06:00:56.387152,6:0
330,100,10.67,85971,42072,2023-06-13 06:01:01.170772,6:1
331,100,10.94,86733,44661,2023-06-13 06:01:08.726896,6:1
332,-100,9.37,86834,42173,2023-06-13 06:01:09.677212,6:1
333,-100,11.01,86961,44788,2023-06-13 06:01:10.808798,6:1
334,0,11.81,87961,43173,2023-06-13 06:01:20.499605,6:1
335,-100,11.77,88070,44897,2023-06-13 06:01:21.542334,6:1
336,-100,7.04,88173,43276,2023-06-13 06:01:22.529857,6:1
337,-100,3.73,88304,45028,2023-06-13 06:01:23.732178,6:1
338,-100,1.76,88372,43344,2023-06-13 06:01:24.443805,6:1
339,-100,2.01,88485,45141,2023-06-13 06:01:25.492079,6:1
340,-100,0.3,88540,43399,2023-06-13 06:01:26.001797,6:1
341,-100,-0.26,88631,45232,2023-06-13 06:01:26.960037,6:1
342,-100,-5.02,88742,43510,2023-06-13 06:01:28.016836,6:1
343,-100,-6.95,88836,45326,2023-06-13 06:01:28.898279,6:1
344,-100,-10.93,88890,43564,2023-06-13 06:01:29.445270,6:1
345,-100,-11.74,88994,45430,2023-06-13 06:01:30.412188,6:1
346,-100,-16.87,89047,43617,2023-06-13 06:01:30.940484,6:1
347,-100,-21.01,89108,45491,2023-06-13 06:01:31.509182,6:1
348,-100,-25.33,89195,43704,2023-06-13 06:01:32.353161,6:1
349,-100,-30.97,89254,45550,2023-06-13 06:01:33.007847,6:1
350,-100,-31.39,89354,43804,2023-06-13 06:01:33.883215,6:1
351,-100,-37.57,89462,45658,2023-06-13 06:01:34.890647,6:1
352,-100,-42.25,89524,43866,2023-06-13 06:01:35.514975,6:1
353,-100,-42.88,89583,45717,2023-06-13 06:01:36.116841,6:1
354,-100,-42.82,89736,44019,2023-06-13 06:01:37.751914,6:1
355,-100,-47.34,89839,45820,2023-06-13 06:01:38.694778,6:1
356,-100,-48.58,89956,44136,2023-06-13 06:01:40.084416,6:1
357,-100,-59.53,90039,45903,2023-06-13 06:01:40.970814,6:1
358,-100,-59.76,90110,44207,2023-06-13 06:01:41.637598,6:1
359,-100,-64.78,90184,45977,2023-06-13 06:01:42.335091,6:1
360,-100,-74.23,90269,44292,2023-06-13 06:01:43.122218,6:1
361,-100,-78.59,90339,46047,2023-06-13 06:01:43.834315,6:1
362,-100,-81.29,90407,44360,2023-06-13 06:01:44.474280,6:1
363,-100,-87.94,90472,46112,2023-06-13 06:01:44.984675,6:1
364,-100,-97.09,90558,44446,2023-06-13 06:01:45.880484,6:1
365,-100,-101.42,90624,46178,2023-06-13 06:01:46.611388,6:1
366,-100,-106.23,90694,44516,2023-06-13 06:01:47.240587,6:1
367,-100,-114.22,90782,46266,2023-06-13 06:01:48.115639,6:1
368,-100,-122.78,90867,44601,2023-06-13 06:01:48.952328,6:1
369,-100,-129.37,90954,46353,2023-06-13 06:01:49.703056,6:1
370,-100,-128.96,91022,44669,2023-06-13 06:01:50.310952,6:1
371,-100,-134.8,91079,46410,2023-06-13 06:01:50.881136,6:1
372,-100,-137.97,91160,44750,2023-06-13 06:01:51.691413,6:1
373,-100,-144.23,91243,46493,2023-06-13 06:01:52.437763,6:1
374,-100,-143.68,91349,44856,2023-06-13 06:01:53.587377,6:1
375,-100,-146.49,91401,46545,2023-06-13 06:01:54.098754,6:1
376,-100,-154.84,91478,44933,2023-06-13 06:01:54.825051,6:1
377,-100,-156.71,91550,46617,2023-06-13 06:01:55.567427,6:1
378,-100,-163.56,91621,45004,2023-06-13 06:01:56.360173,6:1
379,-100,-161.58,91714,46710,2023-06-13 06:01:57.382675,6:1
380,-100,-167.23,91806,45096,2023-06-13 06:01:58.295676,6:1
381,-100,-172.8,91860,46764,2023-06-13 06:01:58.837214,6:1
382,-100,-177.53,91927,45163,2023-06-13 06:01:59.621833,6:1
383,-100,-184.28,92016,46853,2023-06-13 06:02:00.517900,6:2
384,-100,-188.31,92098,45245,2023-06-13 06:02:01.338536,6:2
385,-100,-192.79,92169,46924,2023-06-13 06:02:02.067827,6:2
386,-100,-199.67,92248,45324,2023-06-13 06:02:02.840708,6:2
387,-100,-203.03,92308,46984,2023-06-13 06:02:03.347703,6:2
388,-100,-205.13,92376,45392,2023-06-13 06:02:03.972902,6:2
389,-100,-211.14,92437,47045,2023-06-13 06:02:04.526945,6:2
390,-100,-213.53,92492,45447,2023-06-13 06:02:05.128837,6:2
391,-100,-220.05,92562,47115,2023-06-13 06:02:06.046229,6:2
392,-100,-225.85,92618,45503,2023-06-13 06:02:06.678765,6:2
393,-100,-232.78,92688,47185,2023-06-13 06:02:07.620690,6:2
394,-100,-236.54,92742,45557,2023-06-13 06:02:08.186808,6:2
395,-100,-237.74,92793,47236,2023-06-13 06:02:08.735668,6:2
396,-100,-245.22,92865,45629,2023-06-13 06:02:09.361864,6:2
397,-100,-255.27,92946,47317,2023-06-13 06:02:10.052202,6:2
398,-100,-264.62,93022,45705,2023-06-13 06:02:10.778385,6:2
399,-100,-269.08,93079,47374,2023-06-13 06:02:11.402500,6:2
400,-100,-271.79,93131,45757,2023-06-13 06:02:11.850647,6:2
401,-100,-275.29,93198,47441,2023-06-13 06:02:12.620342,6:2
402,-100,-279.32,93260,45819,2023-06-13 06:02:13.300174,6:2
403,-100,-284.21,93329,47510,2023-06-13 06:02:13.862285,6:2
404,-100,-288.95,93393,45883,2023-06-13 06:02:14.419351,6:2
405,-100,-292.47,93448,47565,2023-06-13 06:02:14.899245,6:2
406,-100,-293.47,93525,45960,2023-06-13 06:02:15.658144,6:2
407,-100,-293.35,93582,47622,2023-06-13 06:02:16.237462,6:2
408,-100,-294.6,93661,46039,2023-06-13 06:02:16.996580,6:2
409,-100,-301.16,93721,47682,2023-06-13 06:02:17.789134,6:2
410,-100,-310.31,93801,46119,2023-06-13 06:02:18.532615,6:2
411,-100,-317.84,93868,47749,2023-06-13 06:02:19.140374,6:2
412,-100,-322.99,93929,46180,2023-06-13 06:02:19.732155,6:2
413,-100,-330.69,94010,47830,2023-06-13 06:02:20.473289,6:2
414,-100,-337.94,94097,46267,2023-06-13 06:02:21.315930,6:2
415,-100,-339.32,94168,47901,2023-06-13 06:02:22.030317,6:2
416,-100,-340.48,94229,46328,2023-06-13 06:02:22.617848,6:2
417,-100,-343.81,94308,47980,2023-06-13 06:02:23.384789,6:2
418,-100,-351.18,94370,46390,2023-06-13 06:02:23.964845,6:2
419,-100,-352.1,94439,48049,2023-06-13 06:02:24.641346,6:2
420,-100,-355.16,94519,46470,2023-06-13 06:02:25.366267,6:2
421,-100,-359.38,94586,48116,2023-06-13 06:02:25.959926,6:2
422,-100,-368.59,94667,46551,2023-06-13 06:02:26.691117,6:2
423,-100,-369.61,94722,48171,2023-06-13 06:02:27.256576,6:2
424,-100,-372.69,94794,46623,2023-06-13 06:02:28.009785,6:2
425,-100,-378.51,94864,48241,2023-06-13 06:02:28.657812,6:2
426,-100,-383.11,94931,46690,2023-06-13 06:02:29.247559,6:2
427,-100,-387.09,95002,48312,2023-06-13 06:02:29.933810,6:2
428,-100,-391.68,95075,46763,2023-06-13 06:02:30.628461,6:2
429,-100,-398.1,95141,48378,2023-06-13 06:02:31.241735,6:2
430,-100,-404.53,95200,46822,2023-06-13 06:02:31.871901,6:2
431,-100,-407.97,95255,48433,2023-06-13 06:02:32.352569,6:2
432,-100,-412.17,95328,46895,2023-06-13 06:02:32.982168,6:2
433,-100,-421.66,95404,48509,2023-06-13 06:02:33.765445,6:2
434,-100,-424.07,95464,46955,2023-06-13 06:02:34.287387,6:2
435,-100,-425.78,95548,48593,2023-06-13 06:02:35.184442,6:2
436,-100,-431.62,95638,47045,2023-06-13 06:02:36.135990,6:2
437,-100,-436.62,95716,48671,2023-06-13 06:02:36.877008,6:2
438,-100,-439.99,95783,47112,2023-06-13 06:02:37.541560,6:2
439,-100,-443.89,95847,48735,2023-06-13 06:02:38.268326,6:2
440,-100,-448.26,95909,47174,2023-06-13 06:02:38.857910,6:2
441,-100,-452.78,95990,48816,2023-06-13 06:02:39.615073,6:2
442,-100,-455.55,96075,47259,2023-06-13 06:02:40.390225,6:2
443,-100,-459.19,96152,48893,2023-06-13 06:02:41.144114,6:2
444,-100,-465.11,96233,47340,2023-06-13 06:02:41.898043,6:2
445,-100,-467.81,96300,48960,2023-06-13 06:02:42.522392,6:2
446,-100,-468.71,96363,47403,2023-06-13 06:02:43.126961,6:2
447,-100,-465.28,96415,49012,2023-06-13 06:02:43.689010,6:2
448,-100,-468.34,96501,47489,2023-06-13 06:02:44.468655,6:2
449,-100,-471.63,96560,49071,2023-06-13 06:02:45.032376,6:2
450,-100,-472.02,96629,47558,2023-06-13 06:02:45.702473,6:2
451,-100,-475.93,96720,49162,2023-06-13 06:02:46.514217,6:2
452,-100,-476.22,96780,47618,2023-06-13 06:02:47.098802,6:2
453,-100,-478.64,96830,49212,2023-06-13 06:02:47.584031,6:2
454,-100,-479.16,96882,47670,2023-06-13 06:02:48.201127,6:2
455,-100,-482.09,96944,49274,2023-06-13 06:02:48.812522,6:2
456,-100,-478.43,96998,47724,2023-06-13 06:02:49.371247,6:2
457,-100,-482.02,97070,49346,2023-06-13 06:02:50.417648,6:2
458,-100,-482.31,97125,47779,2023-06-13 06:02:50.950547,6:2
459,-100,-484.61,97227,49448,2023-06-13 06:02:51.933546,6:2
460,-100,-484.66,97303,47855,2023-06-13 06:02:52.674945,6:2
461,-100,-488.73,97394,49539,2023-06-13 06:02:53.524855,6:2
462,-100,-491.27,97471,47932,2023-06-13 06:02:54.241324,6:2
463,-100,-487.09,97523,49591,2023-06-13 06:02:54.725124,6:2
464,-100,-490.44,97601,48010,2023-06-13 06:02:55.420559,6:2
465,-100,-489.42,97663,49653,2023-06-13 06:02:56.036766,6:2
466,-100,-489.0,97743,48090,2023-06-13 06:02:56.873955,6:2
467,-100,-488.24,97805,49715,2023-06-13 06:02:57.561187,6:2
468,-100,-485.02,97867,48152,2023-06-13 06:02:58.192514,6:2
469,-100,-488.04,97933,49781,2023-06-13 06:02:58.843370,6:2
470,-100,-490.8,98012,48231,2023-06-13 06:02:59.637509,6:2
471,-100,-493.22,98105,49874,2023-06-13 06:03:00.692251,6:3
472,-100,-491.34,98177,48303,2023-06-13 06:03:01.619879,6:3
473,-100,-495.5,98257,49954,2023-06-13 06:03:02.384111,6:3
474,-100,-497.51,98328,48374,2023-06-13 06:03:03.088858,6:3
475,-100,-495.86,98389,50015,2023-06-13 06:03:03.750906,6:3
476,-100,-499.72,98456,48441,2023-06-13 06:03:04.416239,6:3
477,-100,-500.88,98523,50082,2023-06-13 06:03:05.011771,6:3
478,-100,-511.0,98630,48548,2023-06-13 06:03:06.131020,6:3
479,-100,-515.95,98722,50174,2023-06-13 06:03:07.008819,6:3
480,-100,-519.43,98808,48634,2023-06-13 06:03:07.865394,6:3
481,-100,-520.02,98862,50228,2023-06-13 06:03:08.380170,6:3
482,-100,-516.64,98917,48689,2023-06-13 06:03:08.895311,6:3
483,-100,-522.71,98993,50304,2023-06-13 06:03:09.657080,6:3
484,-100,-528.78,99084,48780,2023-06-13 06:03:10.606053,6:3
485,-100,-529.8,99171,50391,2023-06-13 06:03:11.394310,6:3
486,-100,-531.22,99231,48840,2023-06-13 06:03:11.953723,6:3
487,-100,-532.17,99298,50458,2023-06-13 06:03:12.586136,6:3
488,-100,-532.79,99375,48917,2023-06-13 06:03:13.427773,6:3
489,-100,-535.76,99444,50527,2023-06-13 06:03:14.062118,6:3
490,-100,-537.72,99522,48995,2023-06-13 06:03:14.839402,6:3
491,-100,-540.28,99611,50616,2023-06-13 06:03:15.648637,6:3
492,-100,-540.57,99672,49056,2023-06-13 06:03:16.230081,6:3
493,-100,-544.75,99760,50704,2023-06-13 06:03:17.049470,6:3
494,-100,-545.27,99827,49123,2023-06-13 06:03:17.631987,6:3
495,-100,-545.27,99905,50782,2023-06-13 06:03:18.291460,6:3
496,-100,-540.99,99967,49185,2023-06-13 06:03:18.895975,6:3
497,-100,-538.77,100050,50865,2023-06-13 06:03:19.739740,6:3
498,-100,-537.42,100115,49250,2023-06-13 06:03:20.378088,6:3
499,-100,-538.7,100183,50933,2023-06-13 06:03:20.965909,6:3
500,-100,-539.04,100256,49323,2023-06-13 06:03:21.626067,6:3
501,-100,-543.95,100353,51030,2023-06-13 06:03:22.601923,6:3
502,-100,-544.44,100422,49392,2023-06-13 06:03:23.387827,6:3
503,-100,-544.85,100486,51094,2023-06-13 06:03:23.952785,6:3
504,-100,-545.6,100550,49456,2023-06-13 06:03:24.564176,6:3
505,-100,-545.61,100610,51154,2023-06-13 06:03:25.129728,6:3
506,-100,-546.31,100674,49520,2023-06-13 06:03:25.705396,6:3
507,-100,-545.32,100759,51239,2023-06-13 06:03:26.527571,6:3
508,-100,-545.63,100824,49585,2023-06-13 06:03:27.292897,6:3
509,-100,-543.45,100895,51310,2023-06-13 06:03:27.963464,6:3
510,-100,-542.19,100958,49648,2023-06-13 06:03:28.518650,6:3
511,-100,-541.04,101027,51379,2023-06-13 06:03:29.147568,6:3
512,-100,-540.36,101106,49727,2023-06-13 06:03:29.833186,6:3
513,-100,-539.53,101178,51451,2023-06-13 06:03:30.445566,6:3
514,-100,-538.24,101241,49790,2023-06-13 06:03:31.004632,6:3
515,-100,-536.44,101300,51510,2023-06-13 06:03:31.545696,6:3
516,-100,-533.83,101373,49863,2023-06-13 06:03:32.198397,6:3
517,-100,-532.91,101434,51571,2023-06-13 06:03:32.760889,6:3
518,-100,-533.52,101499,49928,2023-06-13 06:03:33.452137,6:3
519,-100,-531.62,101568,51640,2023-06-13 06:03:34.132261,6:3
520,-100,-529.93,101650,50010,2023-06-13 06:03:34.984829,6:3
521,-100,-530.18,101737,51727,2023-06-13 06:03:35.741042,6:3
522,-100,-532.63,101812,50085,2023-06-13 06:03:36.464844,6:3
523,-100,-535.09,101892,51807,2023-06-13 06:03:37.227083,6:3
524,-100,-532.3,101950,50143,2023-06-13 06:03:37.712823,6:3
525,-100,-531.87,102016,51873,2023-06-13 06:03:38.315332,6:3
526,-100,-531.72,102082,50209,2023-06-13 06:03:38.906200,6:3
527,-100,-532.24,102165,51956,2023-06-13 06:03:39.669389,6:3
528,-100,-533.08,102232,50276,2023-06-13 06:03:40.287315,6:3
529,-100,-532.37,102289,52013,2023-06-13 06:03:40.913565,6:3
530,-100,-536.95,102385,50372,2023-06-13 06:03:41.994826,6:3
531,-100,-536.03,102450,52078,2023-06-13 06:03:42.692236,6:3
532,-100,-532.76,102508,50430,2023-06-13 06:03:43.245764,6:3
533,-100,-535.73,102585,52155,2023-06-13 06:03:43.945656,6:3
534,-100,-534.39,102653,50498,2023-06-13 06:03:44.555220,6:3
535,-100,-531.73,102731,52233,2023-06-13 06:03:45.342400,6:3
536,-100,-531.99,102811,50578,2023-06-13 06:03:46.038298,6:3
537,-100,-536.24,102901,52323,2023-06-13 06:03:46.834988,6:3
538,-100,-535.04,102964,50641,2023-06-13 06:03:47.428155,6:3
539,-100,-534.92,103033,52392,2023-06-13 06:03:48.097881,6:3
540,-100,-534.19,103115,50723,2023-06-13 06:03:48.850277,6:3
541,-100,-533.71,103186,52463,2023-06-13 06:03:49.522168,6:3
542,-100,-531.31,103254,50791,2023-06-13 06:03:50.158707,6:3
543,-100,-529.09,103315,52524,2023-06-13 06:03:50.727300,6:3
544,-100,-527.19,103376,50852,2023-06-13 06:03:51.337582,6:3
545,-100,-527.21,103456,52604,2023-06-13 06:03:52.080219,6:3
546,-100,-529.51,103522,50918,2023-06-13 06:03:52.839082,6:3
547,-100,-524.85,103584,52666,2023-06-13 06:03:53.411184,6:3
548,-100,-524.28,103644,50978,2023-06-13 06:03:54.011013,6:3
549,-100,-526.34,103728,52750,2023-06-13 06:03:54.965285,6:3
550,-100,-526.17,103818,51068,2023-06-13 06:03:55.886372,6:3
551,-100,-528.14,103898,52830,2023-06-13 06:03:56.671741,6:3
552,-100,-529.26,103964,51134,2023-06-13 06:03:57.296618,6:3
553,-100,-530.86,104043,52909,2023-06-13 06:03:58.011899,6:3
554,-100,-535.56,104129,51220,2023-06-13 06:03:58.835116,6:3
555,-100,-534.53,104203,52983,2023-06-13 06:03:59.518328,6:3
556,-100,-536.85,104303,51320,2023-06-13 06:04:00.461122,6:4
557,-100,-540.38,104392,53072,2023-06-13 06:04:01.283810,6:4
558,-100,-536.81,104474,51402,2023-06-13 06:04:02.099651,6:4
559,-100,-539.49,104566,53164,2023-06-13 06:04:03.047535,6:4
560,-100,-538.56,104640,51476,2023-06-13 06:04:03.706813,6:4
561,-100,-538.48,104716,53240,2023-06-13 06:04:04.441929,6:4
562,-100,-542.86,104803,51563,2023-06-13 06:04:05.174494,6:4
563,-100,-541.24,104872,53309,2023-06-13 06:04:05.801641,6:4
564,-100,-540.91,104936,51627,2023-06-13 06:04:06.438941,6:4
565,-100,-538.01,104995,53368,2023-06-13 06:04:06.989583,6:4
566,-100,-535.13,105064,51696,2023-06-13 06:04:07.754898,6:4
567,-100,-539.09,105151,53455,2023-06-13 06:04:08.565231,6:4
568,-100,-540.16,105230,51775,2023-06-13 06:04:09.386151,6:4
569,-100,-538.42,105302,53527,2023-06-13 06:04:10.066215,6:4
570,-100,-537.13,105379,51852,2023-06-13 06:04:10.835943,6:4
571,-100,-538.1,105456,53604,2023-06-13 06:04:11.539728,6:4
572,-100,-536.45,105523,51919,2023-06-13 06:04:12.230190,6:4
573,-100,-538.79,105610,53691,2023-06-13 06:04:13.307341,6:4
574,-100,-539.21,105689,51998,2023-06-13 06:04:14.092168,6:4
575,-100,-536.43,105748,53750,2023-06-13 06:04:14.623986,6:4
576,-100,-537.78,105830,52080,2023-06-13 06:04:15.466716,6:4
577,-100,-531.65,105894,53814,2023-06-13 06:04:16.099187,6:4
578,-100,-530.2,105982,52168,2023-06-13 06:04:16.972601,6:4
579,-100,-528.48,106048,53880,2023-06-13 06:04:17.574673,6:4
580,-100,-530.39,106126,52246,2023-06-13 06:04:18.334998,6:4
581,-100,-532.89,106199,53953,2023-06-13 06:04:19.067897,6:4
582,-100,-527.9,106261,52308,2023-06-13 06:04:19.665019,6:4
583,-100,-522.49,106328,54020,2023-06-13 06:04:20.282950,6:4
584,-100,-517.39,106395,52375,2023-06-13 06:04:20.865673,6:4
585,-100,-518.13,106463,54088,2023-06-13 06:04:21.660257,6:4
586,-100,-515.1,106522,52434,2023-06-13 06:04:22.217515,6:4
587,-100,-513.27,106589,54155,2023-06-13 06:04:22.854564,6:4
588,-100,-514.63,106667,52512,2023-06-13 06:04:23.526353,6:4
589,-100,-514.15,106755,54243,2023-06-13 06:04:24.422158,6:4
590,-100,-515.66,106856,52613,2023-06-13 06:04:25.429384,6:4
591,-100,-512.03,106917,54304,2023-06-13 06:04:26.047484,6:4
592,-100,-509.74,106990,52686,2023-06-13 06:04:27.039222,6:4
593,-100,-511.49,107077,54391,2023-06-13 06:04:27.930461,6:4
594,-100,-512.84,107154,52763,2023-06-13 06:04:28.644546,6:4
595,-100,-515.18,107225,54462,2023-06-13 06:04:29.276558,6:4
596,-100,-514.49,107300,52838,2023-06-13 06:04:29.956589,6:4
597,-100,-514.15,107369,54531,2023-06-13 06:04:30.653031,6:4
598,-100,-513.25,107449,52918,2023-06-13 06:04:31.441801,6:4
599,-100,-513.61,107517,54599,2023-06-13 06:04:32.187871,6:4
600,-100,-505.87,107581,52982,2023-06-13 06:04:32.798989,6:4
601,-100,-506.18,107648,54666,2023-06-13 06:04:33.476364,6:4
602,-100,-503.05,107720,53054,2023-06-13 06:04:34.127960,6:4
603,-100,-504.33,107800,54746,2023-06-13 06:04:34.852755,6:4
604,-100,-505.42,107863,53117,2023-06-13 06:04:35.486110,6:4
605,-100,-506.86,107943,54826,2023-06-13 06:04:36.221458,6:4
606,-100,-502.81,108006,53180,2023-06-13 06:04:36.864520,6:4
607,-100,-505.1,108097,54917,2023-06-13 06:04:37.704580,6:4
608,-100,-507.24,108180,53263,2023-06-13 06:04:38.442318,6:4
609,-100,-506.82,108235,54972,2023-06-13 06:04:38.953480,6:4
610,-100,-508.81,108305,53333,2023-06-13 06:04:39.592928,6:4
611,-100,-507.57,108389,55056,2023-06-13 06:04:40.400619,6:4
612,-100,-508.16,108476,53420,2023-06-13 06:04:41.171771,6:4
613,-100,-509.7,108552,55132,2023-06-13 06:04:41.826110,6:4
614,-100,-514.19,108636,53504,2023-06-13 06:04:42.589023,6:4
615,-100,-514.8,108704,55200,2023-06-13 06:04:43.236111,6:4
616,-100,-515.31,108781,53581,2023-06-13 06:04:43.904363,6:4
617,-100,-514.51,108856,55275,2023-06-13 06:04:44.662643,6:4
618,-100,-512.34,108920,53645,2023-06-13 06:04:45.277541,6:4
619,-100,-509.9,108978,55333,2023-06-13 06:04:45.853704,6:4
620,-100,-507.45,109043,53710,2023-06-13 06:04:46.444820,6:4
621,-100,-504.59,109107,55397,2023-06-13 06:04:47.064899,6:4
622,-100,-500.1,109208,53811,2023-06-13 06:04:48.040546,6:4
623,-100,-500.46,109275,55464,2023-06-13 06:04:48.634697,6:4
624,-100,-500.1,109340,53876,2023-06-13 06:04:49.206176,6:4
625,-100,-503.26,109436,55560,2023-06-13 06:04:50.173550,6:4
626,-100,-500.56,109509,53949,2023-06-13 06:04:50.826668,6:4
627,-100,-499.83,109573,55624,2023-06-13 06:04:51.449188,6:4
628,-100,-501.26,109654,54030,2023-06-13 06:04:52.269875,6:4
629,-100,-495.95,109710,55680,2023-06-13 06:04:52.777259,6:4
630,-100,-497.37,109792,54112,2023-06-13 06:04:53.508187,6:4
631,-100,-498.35,109869,55757,2023-06-13 06:04:54.202925,6:4
632,-100,-495.13,109943,54186,2023-06-13 06:04:54.795294,6:4
633,-100,-493.9,110040,55854,2023-06-13 06:04:55.652011,6:4
634,-100,-495.01,110112,54258,2023-06-13 06:04:56.392215,6:4
635,-100,-491.24,110174,55916,2023-06-13 06:04:56.913609,6:4
636,-100,-484.7,110240,54324,2023-06-13 06:04:57.503925,6:4
637,-100,-483.0,110311,55987,2023-06-13 06:04:58.219454,6:4
638,-100,-482.4,110374,54387,2023-06-13 06:04:58.837278,6:4
639,-100,-478.94,110458,56071,2023-06-13 06:04:59.590859,6:4
640,-100,-481.92,110551,54480,2023-06-13 06:05:00.464601,6:5
641,-100,-480.92,110627,56147,2023-06-13 06:05:01.204741,6:5
642,-100,-484.02,110706,54559,2023-06-13 06:05:01.989687,6:5
643,-100,-485.99,110777,56218,2023-06-13 06:05:02.693528,6:5
644,-100,-485.18,110852,54634,2023-06-13 06:05:03.388704,6:5
645,-100,-484.66,110933,56299,2023-06-13 06:05:04.164340,6:5
646,-100,-486.77,111046,54747,2023-06-13 06:05:05.280334,6:5
647,-100,-487.77,111119,56372,2023-06-13 06:05:05.959168,6:5
648,-100,-487.47,111188,54816,2023-06-13 06:05:06.728756,6:5
649,-100,-485.42,111255,56439,2023-06-13 06:05:07.417349,6:5
650,-100,-486.79,111339,54900,2023-06-13 06:05:08.196271,6:5
651,-100,-485.04,111402,56502,2023-06-13 06:05:08.790319,6:5
652,-100,-484.44,111474,54972,2023-06-13 06:05:09.421131,6:5
653,-100,-479.42,111541,56569,2023-06-13 06:05:09.993169,6:5
654,-100,-478.26,111609,55040,2023-06-13 06:05:10.616590,6:5
655,-100,-474.71,111671,56631,2023-06-13 06:05:11.229021,6:5
656,-100,-471.04,111743,55112,2023-06-13 06:05:11.849348,6:5
657,-100,-466.86,111817,56705,2023-06-13 06:05:12.542697,6:5
658,-100,-464.67,111877,55172,2023-06-13 06:05:13.225915,6:5
659,-100,-462.96,111952,56780,2023-06-13 06:05:14.065621,6:5
660,-100,-459.61,112010,55230,2023-06-13 06:05:14.687540,6:5
661,-100,-456.08,112083,56853,2023-06-13 06:05:15.274479,6:5
662,-100,-456.08,112150,55297,2023-06-13 06:05:15.868341,6:5
663,-100,-456.71,112234,56937,2023-06-13 06:05:16.766723,6:5
664,-100,-457.18,112295,55358,2023-06-13 06:05:17.410110,6:5
665,-100,-458.72,112376,57018,2023-06-13 06:05:18.417347,6:5
666,-100,-456.08,112441,55423,2023-06-13 06:05:19.100738,6:5
667,-100,-455.36,112518,57095,2023-06-13 06:05:20.044430,6:5
668,-100,-454.09,112601,55506,2023-06-13 06:05:20.860953,6:5
669,-100,-452.99,112664,57158,2023-06-13 06:05:21.462748,6:5
670,-100,-451.09,112733,55575,2023-06-13 06:05:22.069028,6:5
671,-100,-454.0,112823,57248,2023-06-13 06:05:22.998805,6:5
672,-100,-451.76,112889,55641,2023-06-13 06:05:23.641211,6:5
673,-100,-453.63,112972,57331,2023-06-13 06:05:24.395361,6:5
674,-100,-454.87,113046,55715,2023-06-13 06:05:25.190417,6:5
675,-100,-452.74,113118,57403,2023-06-13 06:05:25.872692,6:5
676,-100,-452.89,113179,55776,2023-06-13 06:05:26.428023,6:5
677,-100,-452.14,113262,57486,2023-06-13 06:05:27.464827,6:5
678,-100,-450.72,113340,55854,2023-06-13 06:05:28.252299,6:5
679,-100,-451.39,113407,57553,2023-06-13 06:05:28.915737,6:5
680,-100,-452.09,113484,55931,2023-06-13 06:05:29.631774,6:5
681,-100,-454.88,113552,57621,2023-06-13 06:05:30.378200,6:5
682,-100,-457.43,113634,56013,2023-06-13 06:05:31.160874,6:5
683,-100,-458.55,113705,57692,2023-06-13 06:05:31.945326,6:5
684,-100,-458.46,113778,56086,2023-06-13 06:05:32.823842,6:5
685,-100,-461.73,113853,57767,2023-06-13 06:05:33.446483,6:5
686,-100,-462.9,113922,56155,2023-06-13 06:05:34.181512,6:5
687,-100,-460.71,113991,57836,2023-06-13 06:05:34.977115,6:5
688,-100,-459.57,114056,56220,2023-06-13 06:05:35.557147,6:5
689,-100,-455.83,114141,57921,2023-06-13 06:05:36.385082,6:5
690,-100,-461.64,114230,56309,2023-06-13 06:05:37.249939,6:5
691,-100,-459.21,114306,57997,2023-06-13 06:05:38.044143,6:5
692,-100,-456.69,114390,56393,2023-06-13 06:05:38.925400,6:5
693,-100,-453.66,114485,58092,2023-06-13 06:05:39.853469,6:5
694,-100,-453.45,114562,56470,2023-06-13 06:05:40.525220,6:5
695,-100,-452.94,114643,58173,2023-06-13 06:05:41.278040,6:5
696,-100,-454.08,114730,56557,2023-06-13 06:05:42.078668,6:5
697,-100,-453.88,114810,58253,2023-06-13 06:05:42.843719,6:5
698,-100,-454.79,114905,56652,2023-06-13 06:05:43.763352,6:5
699,-100,-458.58,114978,58326,2023-06-13 06:05:44.562891,6:5
700,-100,-457.71,115061,56735,2023-06-13 06:05:45.407929,6:5
701,-100,-459.88,115143,58408,2023-06-13 06:05:46.142678,6:5
702,-100,-457.51,115225,56817,2023-06-13 06:05:46.975233,6:5
703,-100,-457.7,115311,58494,2023-06-13 06:05:47.817372,6:5
704,-100,-456.41,115403,56909,2023-06-13 06:05:48.642104,6:5
705,-100,-460.99,115484,58575,2023-06-13 06:05:49.471300,6:5
706,-100,-456.91,115558,56983,2023-06-13 06:05:50.207522,6:5
707,-100,-457.15,115641,58658,2023-06-13 06:05:51.066462,6:5
708,-100,-458.78,115717,57059,2023-06-13 06:05:51.770070,6:5
709,-100,-460.64,115800,58741,2023-06-13 06:05:52.532683,6:5
710,-100,-460.92,115870,57129,2023-06-13 06:05:53.283158,6:5
711,-100,-458.77,115964,58835,2023-06-13 06:05:54.107127,6:5
712,-100,-459.21,116044,57209,2023-06-13 06:05:54.795647,6:5
713,-100,-456.82,116143,58934,2023-06-13 06:05:55.651157,6:5
714,-100,-456.94,116242,57308,2023-06-13 06:05:56.515013,6:5
715,-100,-457.99,116313,59005,2023-06-13 06:05:57.208912,6:5
716,-100,-458.07,116395,57390,2023-06-13 06:05:57.969465,6:5
717,-100,-462.37,116472,59082,2023-06-13 06:05:58.655021,6:5
718,-100,-466.0,116551,57469,2023-06-13 06:05:59.453048,6:5
719,-100,-466.88,116637,59168,2023-06-13 06:06:00.264550,6:6
720,-100,-470.33,116729,57561,2023-06-13 06:06:01.194907,6:6
721,-100,-473.61,116807,59246,2023-06-13 06:06:01.853048,6:6
722,-100,-477.33,116887,57641,2023-06-13 06:06:02.619644,6:6
723,-100,-479.02,116976,59335,2023-06-13 06:06:03.484848,6:6
724,-100,-476.64,117056,57721,2023-06-13 06:06:04.275483,6:6
725,-100,-477.65,117137,59416,2023-06-13 06:06:04.975421,6:6
726,-100,-479.35,117217,57801,2023-06-13 06:06:05.690796,6:6
727,-100,-480.3,117306,59505,2023-06-13 06:06:06.595231,6:6
728,-100,-481.75,117394,57889,2023-06-13 06:06:07.440938,6:6
729,-100,-482.44,117478,59589,2023-06-13 06:06:08.249403,6:6
730,-100,-483.83,117587,57998,2023-06-13 06:06:09.279222,6:6
731,-100,-486.53,117674,59676,2023-06-13 06:06:10.170646,6:6
732,-100,-487.72,117773,58097,2023-06-13 06:06:11.138615,6:6
733,-100,-486.63,117869,59772,2023-06-13 06:06:12.074251,6:6
734,-100,-488.62,117975,58203,2023-06-13 06:06:13.077737,6:6
735,-100,-492.61,118064,59861,2023-06-13 06:06:13.950772,6:6
736,-100,-495.08,118159,58298,2023-06-13 06:06:14.911584,6:6
737,-100,-497.02,118237,59939,2023-06-13 06:06:15.708626,6:6
738,-100,-497.52,118353,58414,2023-06-13 06:06:16.896681,6:6
739,-100,-494.0,118441,60027,2023-06-13 06:06:17.670212,6:6
740,-100,-494.35,118522,58495,2023-06-13 06:06:18.421214,6:6
741,-100,-492.43,118629,60134,2023-06-13 06:06:19.395074,6:6
742,-100,-493.49,118737,58603,2023-06-13 06:06:20.688593,6:6
743,-100,-497.26,118834,60231,2023-06-13 06:06:21.607853,6:6
744,-100,-498.07,118917,58686,2023-06-13 06:06:22.371793,6:6
745,-100,-499.78,119009,60323,2023-06-13 06:06:23.166727,6:6
746,-100,-499.22,119153,58830,2023-06-13 06:06:24.536982,6:6
747,-100,-494.9,119253,60423,2023-06-13 06:06:25.508928,6:6
748,-100,-495.84,119393,58970,2023-06-13 06:06:26.830771,6:6
749,-100,-495.76,119496,60526,2023-06-13 06:06:27.873968,6:6
750,-100,-498.09,119575,59049,2023-06-13 06:06:28.711372,6:6
751,-100,-499.3,119657,60608,2023-06-13 06:06:29.505056,6:6
752,-100,-500.92,119747,59139,2023-06-13 06:06:30.340920,6:6
753,-100,-504.05,119832,60693,2023-06-13 06:06:31.132329,6:6
754,-100,-504.26,119919,59226,2023-06-13 06:06:32.029502,6:6
755,-100,-505.45,120009,60783,2023-06-13 06:06:32.913794,6:6
756,-100,-508.03,120113,59330,2023-06-13 06:06:33.922423,6:6
757,-100,-508.15,120223,60893,2023-06-13 06:06:35.020941,6:6
758,-100,-508.15,120301,59408,2023-06-13 06:06:35.778403,6:6
759,-100,-509.8,120436,61028,2023-06-13 06:06:37.269461,6:6
760,-100,-512.19,120550,59522,2023-06-13 06:06:38.418538,6:6
761,-100,-512.51,120616,61094,2023-06-13 06:06:39.057521,6:6
762,-100,-513.63,120733,59639,2023-06-13 06:06:40.133728,6:6
763,-100,-514.28,120900,61261,2023-06-13 06:06:41.698745,6:6
764,-100,-515.76,120992,59731,2023-06-13 06:06:42.550162,6:6
765,-100,-516.51,121107,61376,2023-06-13 06:06:43.763587,6:6
766,-100,-517.72,121236,59860,2023-06-13 06:06:45.015358,6:6
767,-100,-519.2,121363,61503,2023-06-13 06:06:46.345300,6:6
768,-100,-519.74,121495,59992,2023-06-13 06:06:47.629942,6:6
769,-100,-521.8,121602,61610,2023-06-13 06:06:48.859586,6:6
770,-100,-521.08,121688,60078,2023-06-13 06:06:49.671623,6:6
771,-100,-529.08,121901,61823,2023-06-13 06:06:51.897981,6:6
772,-100,-528.98,122003,60180,2023-06-13 06:06:52.824147,6:6
773,-100,-530.15,122141,61961,2023-06-13 06:06:54.097086,6:6
774,-100,-530.13,122224,60263,2023-06-13 06:06:54.967527,6:6
775,-100,-530.73,122310,62047,2023-06-13 06:06:55.809231,6:6
776,-100,-527.25,122394,60347,2023-06-13 06:06:56.563255,6:6
777,-100,-528.28,122544,62197,2023-06-13 06:06:58.085237,6:6
778,-100,-528.22,122609,60412,2023-06-13 06:06:58.652326,6:6
779,-100,-525.98,122729,62317,2023-06-13 06:06:59.874278,6:6
780,-100,-525.15,122820,60503,2023-06-13 06:07:00.765571,6:7
781,-100,-524.71,122902,62399,2023-06-13 06:07:01.559449,6:7
782,-100,-525.47,123043,60644,2023-06-13 06:07:03.086629,6:7
783,-100,-524.86,123140,62496,2023-06-13 06:07:04.038805,6:7
784,-100,-524.59,123234,60738,2023-06-13 06:07:04.985219,6:7
785,-100,-528.26,123361,62623,2023-06-13 06:07:06.197428,6:7
786,-100,-530.87,123468,60845,2023-06-13 06:07:07.233164,6:7
787,-100,-532.47,123607,62762,2023-06-13 06:07:08.368537,6:7
788,-100,-533.96,123725,60963,2023-06-13 06:07:09.498299,6:7
789,-100,-531.75,123868,62905,2023-06-13 06:07:10.926966,6:7
790,-100,-533.11,123970,61065,2023-06-13 06:07:11.962044,6:7
791,-100,-535.18,124101,63036,2023-06-13 06:07:13.211716,6:7
792,-100,-538.42,124227,61191,2023-06-13 06:07:14.456513,6:7
793,-100,-537.17,124337,63146,2023-06-13 06:07:15.389692,6:7
794,-100,-540.08,124485,61339,2023-06-13 06:07:16.765844,6:7
795,-100,-541.21,124559,63220,2023-06-13 06:07:17.506513,6:7
796,-100,-542.38,124688,61468,2023-06-13 06:07:18.669562,6:7
797,-100,-543.48,124798,63330,2023-06-13 06:07:19.951948,6:7
798,-100,-542.58,124946,61616,2023-06-13 06:07:21.287187,6:7
799,-100,-543.12,125012,63396,2023-06-13 06:07:21.901734,6:7
800,-100,-543.84,125090,61694,2023-06-13 06:07:22.691444,6:7
801,-100,-545.61,125244,63550,2023-06-13 06:07:24.181597,6:7
802,-100,-546.09,125377,61827,2023-06-13 06:07:25.530221,6:7
803,-100,-547.17,125537,63710,2023-06-13 06:07:27.059221,6:7
804,-100,-546.43,125654,61944,2023-06-13 06:07:28.138812,6:7
805,-100,-549.43,125751,63807,2023-06-13 06:07:29.026229,6:7
806,-100,-548.47,125851,62044,2023-06-13 06:07:29.938699,6:7
807,-100,-548.89,125974,63930,2023-06-13 06:07:31.308528,6:7
808,-100,-546.85,126113,62183,2023-06-13 06:07:32.838385,6:7
809,-100,-547.29,126225,64042,2023-06-13 06:07:33.945903,6:7
810,-100,-546.45,126329,62287,2023-06-13 06:07:35.046458,6:7
811,-100,-546.8,126450,64163,2023-06-13 06:07:36.244719,6:7
812,-100,-546.81,126530,62367,2023-06-13 06:07:36.948901,6:7
813,-100,-546.14,126659,64292,2023-06-13 06:07:38.210450,6:7
814,-100,-544.65,126735,62443,2023-06-13 06:07:38.887999,6:7
815,-100,-544.83,126881,64438,2023-06-13 06:07:40.451472,6:7
816,-100,-542.03,127048,62610,2023-06-13 06:07:42.204851,6:7
817,-100,-541.18,127147,64537,2023-06-13 06:07:43.177324,6:7
818,-100,-539.0,127230,62693,2023-06-13 06:07:44.049451,6:7
819,-100,-535.18,127311,64618,2023-06-13 06:07:44.815299,6:7
820,-100,-534.36,127509,62891,2023-06-13 06:07:46.985944,6:7
821,-100,-533.24,127625,64734,2023-06-13 06:07:48.142298,6:7
822,-100,-531.24,127802,63068,2023-06-13 06:07:49.838362,6:7
823,-100,-531.34,127945,64877,2023-06-13 06:07:51.113730,6:7
824,-100,-529.81,128033,63156,2023-06-13 06:07:51.954153,6:7
825,-100,-527.62,128117,64961,2023-06-13 06:07:52.749458,6:7
826,-100,-526.37,128211,63250,2023-06-13 06:07:53.727177,6:7
827,-100,-526.55,128334,65084,2023-06-13 06:07:55.115143,6:7
828,-100,-524.71,128467,63383,2023-06-13 06:07:56.426389,6:7
829,-100,-522.66,128553,65170,2023-06-13 06:07:57.171988,6:7
830,-100,-522.14,128649,63479,2023-06-13 06:07:58.056416,6:7
831,-100,-522.65,128797,65318,2023-06-13 06:07:59.473835,6:7
832,-100,-520.99,128904,63586,2023-06-13 06:08:00.601314,6:8
833,-100,-518.31,128996,65410,2023-06-13 06:08:01.418897,6:8
834,-100,-518.01,129142,63732,2023-06-13 06:08:02.912869,6:8
835,-100,-517.93,129286,65554,2023-06-13 06:08:04.249713,6:8
836,-100,-515.78,129447,63893,2023-06-13 06:08:05.681808,6:8
837,-100,-516.35,129602,65709,2023-06-13 06:08:07.240613,6:8
838,-100,-516.34,129723,64014,2023-06-13 06:08:08.390953,6:8
839,-100,-517.6,129856,65842,2023-06-13 06:08:09.685064,6:8
840,-100,-516.85,130023,64181,2023-06-13 06:08:11.082004,6:8
841,-100,-515.05,130196,66015,2023-06-13 06:08:12.763616,6:8
842,-100,-512.63,130312,64297,2023-06-13 06:08:13.925905,6:8
843,-100,-510.66,130484,66187,2023-06-13 06:08:15.708013,6:8
844,-100,-508.41,130585,64398,2023-06-13 06:08:16.626705,6:8
845,-100,-505.86,130702,66304,2023-06-13 06:08:17.727597,6:8
846,-100,-508.71,130846,64542,2023-06-13 06:08:19.185049,6:8
847,-100,-506.29,130960,66418,2023-06-13 06:08:20.216955,6:8
848,-100,-503.64,131035,64617,2023-06-13 06:08:21.010150,6:8
849,-100,-502.81,131181,66564,2023-06-13 06:08:22.326471,6:8
850,-100,-498.37,131344,64780,2023-06-13 06:08:23.823399,6:8
851,-100,-498.42,131531,66751,2023-06-13 06:08:25.720165,6:8
852,-100,-495.99,131676,64925,2023-06-13 06:08:27.158618,6:8
853,-100,-494.32,131849,66924,2023-06-13 06:08:28.857072,6:8
854,-100,-490.54,132014,65090,2023-06-13 06:08:30.514616,6:8
855,-100,-489.74,132156,67066,2023-06-13 06:08:31.829718,6:8
856,-100,-487.16,132236,65170,2023-06-13 06:08:32.630056,6:8
857,-100,-486.65,132366,67196,2023-06-13 06:08:34.013545,6:8
858,-100,-485.33,132463,65267,2023-06-13 06:08:35.010908,6:8
859,-100,-480.86,132628,67361,2023-06-13 06:08:36.638985,6:8
860,-100,-480.01,132784,65423,2023-06-13 06:08:38.322903,6:8
861,-100,-475.75,132930,67507,2023-06-13 06:08:39.807196,6:8
862,-100,-472.72,133107,65600,2023-06-13 06:08:41.390249,6:8
863,-100,-469.6,133318,67718,2023-06-13 06:08:43.455840,6:8
864,-100,-465.77,133399,65681,2023-06-13 06:08:44.237111,6:8
865,-100,-461.02,133479,67798,2023-06-13 06:08:45.017617,6:8
866,-100,-459.75,133687,65889,2023-06-13 06:08:47.130417,6:8
867,-100,-458.69,133808,67919,2023-06-13 06:08:48.345219,6:8
868,-100,-455.13,133893,65974,2023-06-13 06:08:49.126253,6:8
869,-100,-453.86,134042,68068,2023-06-13 06:08:50.662070,6:8
870,-100,-443.82,134172,66104,2023-06-13 06:08:51.903641,6:8
871,-100,-441.84,134315,68211,2023-06-13 06:08:53.244809,6:8
872,-100,-440.5,134418,66207,2023-06-13 06:08:54.125570,6:8
873,-100,-438.82,134531,68324,2023-06-13 06:08:55.264940,6:8
874,-100,-436.79,134674,66350,2023-06-13 06:08:56.668187,6:8
875,-100,-435.99,134771,68421,2023-06-13 06:08:57.515503,6:8
876,-100,-433.32,134979,66558,2023-06-13 06:08:59.540492,6:8
877,-100,-432.52,135102,68544,2023-06-13 06:09:00.717717,6:9
878,-100,-429.44,135276,66732,2023-06-13 06:09:02.490898,6:9
879,-100,-426.86,135376,68644,2023-06-13 06:09:03.538576,6:9
880,-100,-425.87,135487,66843,2023-06-13 06:09:04.624199,6:9
881,-100,-424.08,135628,68785,2023-06-13 06:09:06.058775,6:9
882,-100,-420.78,135811,67026,2023-06-13 06:09:07.961255,6:9
883,-100,-418.18,135967,68941,2023-06-13 06:09:09.433244,6:9
884,-100,-412.26,136034,67093,2023-06-13 06:09:10.112393,6:9
885,-100,-406.2,136212,69119,2023-06-13 06:09:11.802852,6:9
886,-100,-401.97,136327,67208,2023-06-13 06:09:12.897076,6:9
887,-100,-399.9,136447,69239,2023-06-13 06:09:14.092351,6:9
888,-100,-397.3,136607,67368,2023-06-13 06:09:15.716120,6:9
889,-100,-395.52,136722,69354,2023-06-13 06:09:16.953773,6:9
890,-100,-392.87,136897,67543,2023-06-13 06:09:18.724423,6:9
891,-100,-388.18,137005,69462,2023-06-13 06:09:19.753916,6:9
892,-100,-385.82,137116,67654,2023-06-13 06:09:20.860102,6:9
893,-100,-380.64,137214,69560,2023-06-13 06:09:21.899596,6:9
894,-100,-376.97,137315,67755,2023-06-13 06:09:22.908896,6:9
895,-100,-374.4,137518,69763,2023-06-13 06:09:24.937831,6:9
896,-100,-369.56,137613,67850,2023-06-13 06:09:25.888412,6:9
897,-100,-366.98,137793,69943,2023-06-13 06:09:27.709215,6:9
898,-100,-363.09,137960,68017,2023-06-13 06:09:29.451046,6:9
899,-100,-360.64,138083,70066,2023-06-13 06:09:30.606532,6:9
900,-100,-357.31,138235,68169,2023-06-13 06:09:32.209023,6:9
901,-100,-353.41,138344,70175,2023-06-13 06:09:33.237356,6:9
902,-100,-349.58,138443,68268,2023-06-13 06:09:34.243580,6:9
903,-100,-345.48,138649,70381,2023-06-13 06:09:36.261811,6:9
904,-100,-341.98,138883,68502,2023-06-13 06:09:38.410335,6:9
905,-100,-338.38,139106,70604,2023-06-13 06:09:40.721042,6:9
906,-100,-335.7,139326,68722,2023-06-13 06:09:42.962776,6:9
907,-100,-332.2,139440,70718,2023-06-13 06:09:44.130671,6:9
908,-100,-327.53,139615,68897,2023-06-13 06:09:45.852914,6:9
909,-100,-325.87,139771,70874,2023-06-13 06:09:47.324233,6:9
910,-100,-321.91,139939,69065,2023-06-13 06:09:49.060410,6:9
911,-100,-319.72,140158,71093,2023-06-13 06:09:51.111095,6:9
912,-100,-317.01,140337,69244,2023-06-13 06:09:52.831939,6:9
913,-100,-314.66,140539,71295,2023-06-13 06:09:54.924056,6:9
914,-100,-312.39,140731,69436,2023-06-13 06:09:56.842215,6:9
915,-100,-310.57,140986,71550,2023-06-13 06:09:59.255061,6:9
916,-100,-307.64,141104,69554,2023-06-13 06:10:00.497216,6:10
917,-100,-306.9,141230,71676,2023-06-13 06:10:01.768091,6:10
918,-100,-306.15,141347,69671,2023-06-13 06:10:02.958956,6:10
919,-100,-302.94,141554,71883,2023-06-13 06:10:05.111149,6:10
920,-100,-298.16,141741,69858,2023-06-13 06:10:06.992903,6:10
921,-100,-296.23,141883,72025,2023-06-13 06:10:08.436708,6:10
922,-100,-292.78,141985,69960,2023-06-13 06:10:09.514575,6:10
923,-100,-290.18,142156,72196,2023-06-13 06:10:11.216702,6:10
924,-100,-288.75,142348,70152,2023-06-13 06:10:13.334003,6:10
925,-100,-286.22,142447,72295,2023-06-13 06:10:14.355619,6:10
926,-100,-283.16,142657,70362,2023-06-13 06:10:16.298821,6:10
927,-100,-281.59,142808,72446,2023-06-13 06:10:17.762036,6:10
928,-100,-279.44,143022,70576,2023-06-13 06:10:19.806458,6:10
929,-100,-278.05,143267,72691,2023-06-13 06:10:22.234887,6:10
930,-100,-274.22,143477,70786,2023-06-13 06:10:24.420364,6:10
931,-100,-273.07,143576,72790,2023-06-13 06:10:25.351541,6:10
932,-100,-271.93,143736,70946,2023-06-13 06:10:26.802245,6:10
933,-100,-268.14,143881,72935,2023-06-13 06:10:28.242540,6:10
934,-100,-265.0,144000,71065,2023-06-13 06:10:29.398148,6:10
935,-100,-262.8,144124,73059,2023-06-13 06:10:30.576912,6:10
936,-100,-259.34,144286,71227,2023-06-13 06:10:32.227190,6:10
937,-100,-255.94,144500,73273,2023-06-13 06:10:34.151909,6:10
938,-100,-252.22,144660,71387,2023-06-13 06:10:35.640762,6:10
939,-100,-248.37,144874,73487,2023-06-13 06:10:37.680361,6:10
940,-100,-244.27,145033,71546,2023-06-13 06:10:39.225813,6:10
941,-100,-243.62,145312,73766,2023-06-13 06:10:41.780898,6:10
942,-100,-240.71,145746,71980,2023-06-13 06:10:46.004457,6:10
943,-100,-238.1,146070,74090,2023-06-13 06:10:49.057549,6:10
944,-100,-237.86,146401,72311,2023-06-13 06:10:52.206646,6:10
945,-100,-234.04,146636,74325,2023-06-13 06:10:54.269057,6:10
946,-100,-232.27,146839,72514,2023-06-13 06:10:56.140646,6:10
947,-100,-229.58,147023,74509,2023-06-13 06:10:58.001766,6:10
948,-100,-226.69,147404,72895,2023-06-13 06:11:02.014803,6:11
949,-100,-227.0,147610,74715,2023-06-13 06:11:03.945521,6:11
950,-100,-222.42,147801,73086,2023-06-13 06:11:05.891943,6:11
951,-100,-221.14,147918,74832,2023-06-13 06:11:07.011330,6:11
952,-100,-219.68,148075,73243,2023-06-13 06:11:08.553624,6:11
953,-100,-220.23,148260,75017,2023-06-13 06:11:10.359085,6:11
954,-100,-217.61,148615,73598,2023-06-13 06:11:13.861644,6:11
955,-100,-215.61,148840,75242,2023-06-13 06:11:16.175347,6:11
956,-100,-213.93,149090,73848,2023-06-13 06:11:18.634161,6:11
957,-100,-210.78,149411,75563,2023-06-13 06:11:21.772918,6:11
958,-100,-210.28,149807,74244,2023-06-13 06:11:25.841107,6:11
959,-100,-208.65,149998,75754,2023-06-13 06:11:27.762168,6:11
960,-100,-209.31,150122,74368,2023-06-13 06:11:28.922529,6:11
961,-100,-209.72,150235,75867,2023-06-13 06:11:30.061790,6:11
962,-100,-209.23,150371,74504,2023-06-13 06:11:31.415414,6:11
963,-100,-208.49,150466,75962,2023-06-13 06:11:32.377905,6:11
964,-100,-208.1,150663,74701,2023-06-13 06:11:34.308762,6:11
965,-100,-204.89,150829,76128,2023-06-13 06:11:35.832151,6:11
966,-100,-203.17,150975,74847,2023-06-13 06:11:37.324226,6:11
967,-100,-202.18,151167,76320,2023-06-13 06:11:39.205058,6:11
968,-100,-199.43,151356,75036,2023-06-13 06:11:40.892783,6:11
969,-100,-197.82,151467,76431,2023-06-13 06:11:41.869325,6:11
970,-100,-200.26,151577,75146,2023-06-13 06:11:42.937210,6:11
971,-100,-198.01,151712,76566,2023-06-13 06:11:44.103635,6:11
972,-100,-202.64,151998,75432,2023-06-13 06:11:46.841400,6:11
973,-100,-200.78,152110,76678,2023-06-13 06:11:47.908780,6:11
974,-100,-200.44,152305,75627,2023-06-13 06:11:49.790910,6:11
975,-100,-207.38,152675,77048,2023-06-13 06:11:53.374105,6:11
976,-100,-210.39,152895,75847,2023-06-13 06:11:55.604515,6:11
977,-100,-209.96,153116,77269,2023-06-13 06:11:57.701122,6:11
978,-100,-210.12,153267,75998,2023-06-13 06:11:59.091901,6:11
979,-100,-207.68,153437,77439,2023-06-13 06:12:00.701511,6:12
980,-100,-205.44,153639,76200,2023-06-13 06:12:02.613069,6:12
981,-100,-209.99,153889,77689,2023-06-13 06:12:04.987475,6:12
982,-100,-208.93,154027,76338,2023-06-13 06:12:06.333758,6:12
983,-100,-208.1,154225,77887,2023-06-13 06:12:08.155954,6:12
984,-100,-208.32,154367,76480,2023-06-13 06:12:09.515321,6:12
985,-100,-207.43,154479,77999,2023-06-13 06:12:10.564449,6:12
986,-100,-205.83,154633,76634,2023-06-13 06:12:11.999623,6:12
987,-100,-204.42,154814,78180,2023-06-13 06:12:13.658608,6:12
988,-100,-202.41,154973,76793,2023-06-13 06:12:15.151560,6:12
989,-100,-202.09,155185,78392,2023-06-13 06:12:17.342021,6:12
990,-100,-201.32,155341,76949,2023-06-13 06:12:18.826641,6:12
991,-100,-200.82,155592,78643,2023-06-13 06:12:21.308616,6:12
992,-100,-199.83,155739,77096,2023-06-13 06:12:22.803432,6:12
993,-100,-199.15,155928,78832,2023-06-13 06:12:24.827731,6:12
994,-100,-199.21,156185,77353,2023-06-13 06:12:27.402723,6:12
995,-100,-198.52,156371,79018,2023-06-13 06:12:29.116837,6:12
996,-100,-198.69,156573,77555,2023-06-13 06:12:31.199506,6:12
997,-100,-205.68,156701,79146,2023-06-13 06:12:32.553821,6:12
998,-100,-210.09,156935,77789,2023-06-13 06:12:34.778886,6:12
999,-100,-210.06,157067,79278,2023-06-13 06:12:36.001226,6:12
1000,-100,-212.6,157301,78023,2023-06-13 06:12:38.164053,6:12
1001,-100,-216.49,157394,79371,2023-06-13 06:12:39.010597,6:12
1002,-100,-217.07,157504,78133,2023-06-13 06:12:39.999437,6:12
1003,-100,-217.42,157642,79509,2023-06-13 06:12:41.383529,6:12
1004,-100,-216.72,157822,78313,2023-06-13 06:12:43.179176,6:12
1005,-100,-214.99,157953,79640,2023-06-13 06:12:44.515669,6:12
1006,-100,-218.09,158172,78532,2023-06-13 06:12:46.666187,6:12
1007,-100,-217.72,158332,79800,2023-06-13 06:12:48.126688,6:12
1008,-100,-221.72,158568,78768,2023-06-13 06:12:50.370279,6:12
1009,-100,-224.79,158696,79928,2023-06-13 06:12:51.584356,6:12
1010,-100,-228.67,158873,78945,2023-06-13 06:12:53.311073,6:12
1011,-100,-228.96,159018,80073,2023-06-13 06:12:54.713729,6:12
1012,-100,-231.02,159241,79168,2023-06-13 06:12:56.854262,6:12
1013,-100,-230.99,159427,80259,2023-06-13 06:12:58.694813,6:12
1014,-100,-230.32,159516,79257,2023-06-13 06:12:59.517383,6:12
1015,-100,-234.14,159597,80340,2023-06-13 06:13:00.300163,6:13
1016,-100,-233.19,159730,79390,2023-06-13 06:13:01.849228,6:13
1017,-100,-235.33,159944,80554,2023-06-13 06:13:03.794704,6:13
1018,-100,-234.65,160072,79518,2023-06-13 06:13:05.009475,6:13
1019,-100,-238.85,160154,80636,2023-06-13 06:13:05.742606,6:13
1020,-100,-259.5,160578,79942,2023-06-13 06:13:09.912908,6:13
1021,-100,-259.49,160702,80760,2023-06-13 06:13:11.303221,6:13
1022,-100,-260.26,160907,80147,2023-06-13 06:13:13.220895,6:13
1023,-100,-259.88,161050,80903,2023-06-13 06:13:14.527082,6:13
1024,-100,-260.78,161205,80302,2023-06-13 06:13:15.940693,6:13
1025,-100,-263.27,161377,81075,2023-06-13 06:13:17.600407,6:13
1026,-100,-262.73,161486,80411,2023-06-13 06:13:18.650691,6:13
1027,-100,-282.85,161978,81567,2023-06-13 06:13:23.760247,6:13
1028,-100,-281.37,162139,80572,2023-06-13 06:13:25.329525,6:13
1029,-100,-285.41,162230,81658,2023-06-13 06:13:26.206044,6:13
1030,-100,-288.86,162313,80655,2023-06-13 06:13:27.080801,6:13
1031,-100,-309.51,162613,81958,2023-06-13 06:13:30.020046,6:13
1032,-100,-313.75,162811,80853,2023-06-13 06:13:31.862201,6:13
1033,-100,-312.65,162972,82119,2023-06-13 06:13:33.378226,6:13
1034,-100,-312.1,163100,80981,2023-06-13 06:13:34.514872,6:13
1035,-100,-319.36,163338,82357,2023-06-13 06:13:36.940099,6:13
1036,-100,-324.73,163441,81084,2023-06-13 06:13:37.836678,6:13
1037,-100,-329.57,163535,82451,2023-06-13 06:13:38.794512,6:13
1038,-100,-334.36,163610,81159,2023-06-13 06:13:39.452256,6:13
1039,-100,-339.37,163707,82548,2023-06-13 06:13:40.342806,6:13
1040,-100,-341.35,163825,81277,2023-06-13 06:13:41.412055,6:13
1041,-100,-342.89,163935,82658,2023-06-13 06:13:42.360373,6:13
1042,-100,-344.8,164080,81422,2023-06-13 06:13:43.703613,6:13
1043,-100,-345.73,164215,82793,2023-06-13 06:13:44.979497,6:13
1044,-100,-356.12,164381,81588,2023-06-13 06:13:46.497597,6:13
1045,-100,-359.77,164463,82875,2023-06-13 06:13:47.328886,6:13
1046,-100,-371.43,164754,81879,2023-06-13 06:13:50.054522,6:13
1047,-100,-383.94,165057,83178,2023-06-13 06:13:52.819196,6:13
1048,-100,-383.96,165181,82003,2023-06-13 06:13:54.008543,6:13
1049,-100,-389.65,165302,83299,2023-06-13 06:13:55.101322,6:13
1050,-100,-395.22,165478,82179,2023-06-13 06:13:56.729391,6:13
1051,-100,-394.39,165586,83407,2023-06-13 06:13:57.743955,6:13
1052,-100,-395.62,165898,82491,2023-06-13 06:14:00.715549,6:14
1053,-100,-405.56,166165,83674,2023-06-13 06:14:03.180021,6:14
1054,-100,-411.63,166291,82617,2023-06-13 06:14:04.334926,6:14
1055,-100,-411.46,166445,83828,2023-06-13 06:14:05.853430,6:14
1056,-100,-416.9,166590,82762,2023-06-13 06:14:07.195392,6:14
1057,-100,-417.33,166708,83946,2023-06-13 06:14:08.370064,6:14
1058,-100,-422.77,166927,82981,2023-06-13 06:14:10.550689,6:14
1059,-100,-429.01,167064,84083,2023-06-13 06:14:11.809913,6:14
1060,-100,-429.69,167257,83174,2023-06-13 06:14:13.614896,6:14
1061,-100,-435.59,167366,84192,2023-06-13 06:14:14.522904,6:14
1062,-100,-436.01,167584,83392,2023-06-13 06:14:16.587654,6:14
1063,-100,-439.39,167794,84402,2023-06-13 06:14:18.603658,6:14
1064,-100,-441.0,167935,83533,2023-06-13 06:14:19.929079,6:14
1065,-100,-448.44,168077,84544,2023-06-13 06:14:21.287762,6:14
1066,-100,-449.56,168184,83640,2023-06-13 06:14:22.301548,6:14
1067,-100,-451.3,168342,84702,2023-06-13 06:14:23.884747,6:14
1068,-100,-451.87,168478,83776,2023-06-13 06:14:25.252105,6:14
1069,-100,-453.27,168704,84928,2023-06-13 06:14:27.473368,6:14
1070,-100,-455.77,168886,83958,2023-06-13 06:14:29.171026,6:14
1071,-100,-448.27,169061,85103,2023-06-13 06:14:30.861007,6:14
1072,-100,-448.8,169184,84081,2023-06-13 06:14:32.099502,6:14
1073,-100,-450.12,169386,85305,2023-06-13 06:14:34.214419,6:14
1074,-100,-443.27,169493,84188,2023-06-13 06:14:35.260618,6:14
1075,-100,-436.5,169773,85585,2023-06-13 06:14:37.958718,6:14
1076,-100,-437.04,170086,84501,2023-06-13 06:14:40.766828,6:14
1077,-100,-437.65,170216,85715,2023-06-13 06:14:41.959491,6:14
1078,-100,-438.59,170361,84646,2023-06-13 06:14:43.316386,6:14
1079,-100,-439.65,170568,85922,2023-06-13 06:14:45.327564,6:14
1080,-100,-442.07,170695,84773,2023-06-13 06:14:46.352938,6:14
1081,-100,-442.95,170908,86135,2023-06-13 06:14:48.421942,6:14
1082,-100,-448.56,171003,84868,2023-06-13 06:14:49.335830,6:14
1083,-100,-452.75,171116,86248,2023-06-13 06:14:50.353394,6:14
1084,-100,-451.54,171269,85021,2023-06-13 06:14:51.750009,6:14
1085,-100,-452.17,171384,86363,2023-06-13 06:14:52.792024,6:14
1086,-100,-452.79,171508,85145,2023-06-13 06:14:53.923145,6:14
1087,-100,-458.07,171610,86465,2023-06-13 06:14:54.792878,6:14
1088,-100,-458.24,171788,85323,2023-06-13 06:14:56.491141,6:14
1089,-100,-466.51,172100,86777,2023-06-13 06:14:59.483073,6:14
1090,-100,-467.58,172283,85506,2023-06-13 06:15:01.183460,6:15
1091,-100,-471.53,172426,86920,2023-06-13 06:15:02.532452,6:15
1092,-100,-471.73,172649,85729,2023-06-13 06:15:04.509636,6:15
1093,-100,-469.87,172977,87248,2023-06-13 06:15:07.552905,6:15
1094,-100,-474.33,173110,85862,2023-06-13 06:15:08.877780,6:15
1095,-100,-484.89,173429,87567,2023-06-13 06:15:11.851308,6:15
1096,-100,-483.23,173533,85966,2023-06-13 06:15:12.882100,6:15
1097,-100,-481.11,173683,87717,2023-06-13 06:15:14.257857,6:15
1098,-100,-484.09,173788,86071,2023-06-13 06:15:15.264036,6:15
1099,-100,-481.42,173991,87920,2023-06-13 06:15:17.201019,6:15
1100,-100,-481.16,174176,86256,2023-06-13 06:15:18.983575,6:15
1101,-100,-479.84,174482,88226,2023-06-13 06:15:21.967845,6:15
1102,-100,-478.58,174580,86354,2023-06-13 06:15:22.891062,6:15
1103,-100,-483.13,174678,88324,2023-06-13 06:15:23.883569,6:15
1104,-100,-486.39,174839,86515,2023-06-13 06:15:25.385736,6:15
1105,-100,-488.34,174964,88449,2023-06-13 06:15:26.516742,6:15
1106,-100,-492.51,175117,86668,2023-06-13 06:15:28.177082,6:15
1107,-100,-491.69,175237,88569,2023-06-13 06:15:29.302208,6:15
1108,-100,-489.91,175463,86894,2023-06-13 06:15:31.682057,6:15
1109,-100,-489.19,175606,88712,2023-06-13 06:15:33.109955,6:15
1110,-100,-494.11,175711,86999,2023-06-13 06:15:34.232957,6:15
1111,-100,-493.06,175884,88885,2023-06-13 06:15:35.716712,6:15
1112,-100,-498.46,176112,87227,2023-06-13 06:15:37.779512,6:15
1113,-100,-503.52,176325,89098,2023-06-13 06:15:39.774321,6:15
1114,-100,-498.91,176508,87410,2023-06-13 06:15:41.635237,6:15
1115,-100,-497.52,176691,89281,2023-06-13 06:15:43.585245,6:15
1116,-100,-494.2,176903,87622,2023-06-13 06:15:45.605153,6:15
1117,100,-490.93,177290,89668,2023-06-13 06:15:49.244629,6:15
1118,-100,-490.7,177385,87717,2023-06-13 06:15:50.184216,6:15
1119,-100,-469.46,177527,89810,2023-06-13 06:15:51.443256,6:15
1120,-100,-467.99,177705,87895,2023-06-13 06:15:53.055245,6:15
1121,-100,-468.32,177892,89997,2023-06-13 06:15:54.911209,6:15
1122,-100,-469.79,178075,88078,2023-06-13 06:15:56.688434,6:15
1123,-100,-467.82,178365,90287,2023-06-13 06:15:59.438617,6:15
1124,-100,-465.13,178597,88310,2023-06-13 06:16:01.475845,6:16
1125,-100,-468.34,178699,90389,2023-06-13 06:16:02.415630,6:16
1126,-100,-446.67,178889,88500,2023-06-13 06:16:04.246824,6:16
1127,-100,-445.9,179116,90616,2023-06-13 06:16:06.576873,6:16
1128,-100,-440.28,179327,88711,2023-06-13 06:16:08.582144,6:16
1129,-100,-436.32,179659,90948,2023-06-13 06:16:11.754970,6:16
1130,-100,-423.63,180052,89104,2023-06-13 06:16:15.509391,6:16
1131,-100,-417.98,180323,91219,2023-06-13 06:16:18.209616,6:16
1132,-100,-420.44,180585,89366,2023-06-13 06:16:20.612420,6:16
1133,-100,-422.3,181035,91669,2023-06-13 06:16:24.868608,6:16
1134,-100,-414.01,181219,89550,2023-06-13 06:16:26.551403,6:16
1135,-100,-408.39,181468,91918,2023-06-13 06:16:28.976641,6:16
1136,-100,-402.92,181771,89853,2023-06-13 06:16:31.862874,6:16
1137,-100,-397.73,182183,92330,2023-06-13 06:16:35.957027,6:16
1138,-100,-392.87,182456,90126,2023-06-13 06:16:38.486997,6:16
1139,-100,-387.72,182817,92691,2023-06-13 06:16:41.949708,6:16
1140,-100,-387.07,183191,90500,2023-06-13 06:16:45.596841,6:16
1141,-100,-385.23,183529,93029,2023-06-13 06:16:48.770469,6:16
1142,-100,-384.66,183972,90943,2023-06-13 06:16:53.011472,6:16
1143,-100,-373.64,184160,93217,2023-06-13 06:16:54.797348,6:16
1144,100,-366.67,184671,91454,2023-06-13 06:17:00.112707,6:17
1145,-100,-355.63,185076,93622,2023-06-13 06:17:04.054349,6:17
1146,-100,-343.45,185392,91770,2023-06-13 06:17:06.973136,6:17
1147,-100,-342.46,185741,93971,2023-06-13 06:17:10.308770,6:17
1148,-100,-337.29,186106,92135,2023-06-13 06:17:13.764995,6:17
1149,-100,-331.69,186441,94306,2023-06-13 06:17:16.954043,6:17
1150,-100,-330.37,186667,92361,2023-06-13 06:17:18.965898,6:17
1151,-100,-328.32,187017,94656,2023-06-13 06:17:22.450284,6:17
1152,-100,-318.21,187330,92674,2023-06-13 06:17:25.780287,6:17
1153,-100,-311.75,187536,94862,2023-06-13 06:17:27.962464,6:17
1154,-100,-309.79,187729,92867,2023-06-13 06:17:29.966377,6:17
1155,-100,-304.94,187991,95124,2023-06-13 06:17:32.790344,6:17
1156,-100,-304.1,188339,93215,2023-06-13 06:17:36.057015,6:17
1157,-100,-299.5,188484,95269,2023-06-13 06:17:37.362383,6:17
1158,-100,-292.42,188833,93564,2023-06-13 06:17:40.783015,6:17
1159,-100,-290.82,189121,95557,2023-06-13 06:17:43.457424,6:17
1160,-100,-284.2,189506,93949,2023-06-13 06:17:47.860997,6:17
1161,-100,-281.88,189650,95701,2023-06-13 06:17:49.274581,6:17
1162,100,-275.41,189959,94258,2023-06-13 06:17:52.717050,6:17
1163,-100,-275.14,190273,96015,2023-06-13 06:17:55.533042,6:17
1164,-100,-266.89,190566,94551,2023-06-13 06:17:58.192541,6:17
1165,-100,-265.41,190944,96393,2023-06-13 06:18:01.739655,6:18
1166,-100,-263.43,191311,94918,2023-06-13 06:18:05.184442,6:18
1167,-100,-262.39,191605,96687,2023-06-13 06:18:08.089727,6:18
1168,-100,-255.14,191858,95171,2023-06-13 06:18:10.456550,6:18
1169,-100,-250.66,192003,96832,2023-06-13 06:18:11.853113,6:18
1170,-100,-251.43,192294,95462,2023-06-13 06:18:14.519291,6:18
1171,-100,-250.21,192781,97319,2023-06-13 06:18:19.136827,6:18
1172,-100,-248.7,192997,95678,2023-06-13 06:18:21.388094,6:18
1173,100,-245.25,193867,98189,2023-06-13 06:18:30.256160,6:18
1174,100,-242.58,194526,96337,2023-06-13 06:18:36.783582,6:18
1175,100,-238.78,195331,98994,2023-06-13 06:18:45.581653,6:18
1176,-100,-237.01,195797,96803,2023-06-13 06:18:49.905984,6:18
1177,-100,-236.19,196240,99437,2023-06-13 06:18:54.159535,6:18
1178,-100,-237.75,196443,97006,2023-06-13 06:18:56.620768,6:18
1179,100,-226.9,196926,99920,2023-06-13 06:19:01.505120,6:19
1180,-100,-225.71,197400,97480,2023-06-13 06:19:06.591838,6:19
1181,100,-217.46,197837,100357,2023-06-13 06:19:11.308926,6:19
1182,100,-209.28,198376,98019,2023-06-13 06:19:16.485364,6:19
1183,-100,-208.79,198602,100583,2023-06-13 06:19:18.639525,6:19
1184,-100,-207.64,199149,98566,2023-06-13 06:19:23.895226,6:19
1185,100,-203.62,199945,101379,2023-06-13 06:19:31.664928,6:19
1186,-100,-198.73,200234,98855,2023-06-13 06:19:34.553318,6:19
1187,-100,-197.56,200468,101613,2023-06-13 06:19:36.880677,6:19
1188,-100,-188.62,200642,99029,2023-06-13 06:19:38.804630,6:19
1189,-100,-186.23,200790,101761,2023-06-13 06:19:40.620915,6:19
1190,100,-179.6,201187,99426,2023-06-13 06:19:45.297782,6:19
1191,5,-178.72,202187,102761,2023-06-13 06:19:55.634318,6:19
1192,-4,-178.47,203187,100426,2023-06-13 06:20:05.778624,6:20
1193,-100,-173.17,203331,102905,2023-06-13 06:20:07.009749,6:20
1194,-100,-161.2,203487,100582,2023-06-13 06:20:08.439330,6:20
1195,1,-154.46,204487,103905,2023-06-13 06:20:18.277989,6:20
1196,-100,-150.72,205428,101523,2023-06-13 06:20:28.180058,6:20
1197,-100,-146.09,206252,104729,2023-06-13 06:20:36.251510,6:20
1198,-100,-144.98,207240,102511,2023-06-13 06:20:45.769007,6:20
1199,-100,-139.5,207489,104978,2023-06-13 06:20:48.164111,6:20
1200,-1,-138.78,208489,103511,2023-06-13 06:20:58.108046,6:20
1201,0,-136.98,209489,105978,2023-06-13 06:21:07.451640,6:21
1202,-100,-130.67,209600,103622,2023-06-13 06:21:08.459238,6:21
1203,2,-126.75,210600,106978,2023-06-13 06:21:18.039254,6:21
1204,-100,-119.65,210920,103942,2023-06-13 06:21:21.192681,6:21
1205,0,-113.19,211920,107978,2023-06-13 06:21:31.311325,6:21
1206,-100,-107.15,212109,104131,2023-06-13 06:21:33.095036,6:21
1207,-2,-105.06,213109,108978,2023-06-13 06:21:43.083611,6:21
1208,100,-97.1,213585,104607,2023-06-13 06:21:47.621177,6:21
1209,0,-88.58,214585,109978,2023-06-13 06:21:57.306713,6:21
1210,0,-85.61,215585,105607,2023-06-13 06:22:07.072150,6:22
1211,100,-76.03,215932,110325,2023-06-13 06:22:10.492121,6:22
1212,2,-69.83,216932,106607,2023-06-13 06:22:20.504661,6:22
1213,-1,-69.24,217932,111325,2023-06-13 06:22:30.304544,6:22
1214,1,-69.64,218932,107607,2023-06-13 06:22:40.388410,6:22
1215,-2,-69.14,219932,112325,2023-06-13 06:22:50.367747,6:22
1216,-2,-71.61,220932,108607,2023-06-13 06:23:00.082414,6:23
1217,100,-64.95,221600,112993,2023-06-13 06:23:06.572776,6:23
1218,100,-62.35,222093,109100,2023-06-13 06:23:11.369116,6:23
1219,3,-62.66,223093,113993,2023-06-13 06:23:20.937436,6:23
1220,2,-60.76,224093,110100,2023-06-13 06:23:30.778213,6:23
1221,-1,-57.93,225093,114993,2023-06-13 06:23:40.705741,6:23
1222,0,-56.98,226093,111100,2023-06-13 06:23:50.731375,6:23
1223,100,-53.2,226720,115620,2023-06-13 06:23:56.729798,6:23
1224,100,-46.16,227543,111923,2023-06-13 06:24:04.701081,6:24
1225,-100,-46.34,228159,116236,2023-06-13 06:24:10.797103,6:24
1226,100,-42.81,228707,112471,2023-06-13 06:24:15.969839,6:24
1227,100,-40.72,229581,117110,2023-06-13 06:24:24.595175,6:24
1228,0,-39.79,230581,113471,2023-06-13 06:24:34.644344,6:24
1229,100,-28.13,231398,117927,2023-06-13 06:24:42.890802,6:24
1230,0,-26.99,232398,114471,2023-06-13 06:24:52.820160,6:24
1231,100,-21.73,233156,118685,2023-06-13 06:25:00.523900,6:25
1232,-100,-18.52,233611,114926,2023-06-13 06:25:05.056789,6:25
1233,100,-16.05,234177,119251,2023-06-13 06:25:10.715628,6:25
1234,100,-12.69,235021,115770,2023-06-13 06:25:19.025845,6:25
1235,100,-9.53,235677,119907,2023-06-13 06:25:25.288308,6:25
1236,-100,-9.91,236277,116370,2023-06-13 06:25:30.905015,6:25
1237,100,-7.0,236811,120441,2023-06-13 06:25:36.153541,6:25
1238,100,-3.66,237459,117018,2023-06-13 06:25:42.461450,6:25
1239,0,-0.94,238459,121441,2023-06-13 06:25:52.273775,6:25
1240,0,1.25,239459,118018,2023-06-13 06:26:02.203477,6:26
1241,-100,2.91,239836,121818,2023-06-13 06:26:05.668042,6:26
1242,100,5.47,240384,118566,2023-06-13 06:26:11.093522,6:26
1243,-100,1.94,241000,122434,2023-06-13 06:26:17.034058,6:26
1244,-100,2.0,241484,119050,2023-06-13 06:26:21.654760,6:26
1245,100,5.77,241881,122831,2023-06-13 06:26:25.340999,6:26
1246,-100,6.4,242221,119390,2023-06-13 06:26:28.468987,6:26
1247,100,10.01,242728,123338,2023-06-13 06:26:33.295606,6:26
1248,-100,11.92,242977,119639,2023-06-13 06:26:35.651960,6:26
1249,-1,11.61,243977,124338,2023-06-13 06:26:45.765393,6:26
1250,-100,12.24,244644,120306,2023-06-13 06:26:52.278243,6:26
1251,0,15.11,245644,125338,2023-06-13 06:27:02.245234,6:27
1252,0,17.78,246644,121306,2023-06-13 06:27:11.836223,6:27
1253,100,20.38,247508,126202,2023-06-13 06:27:20.603779,6:27
1254,-100,22.07,247753,121551,2023-06-13 06:27:23.023551,6:27
1255,100,24.83,248334,126783,2023-06-13 06:27:28.622273,6:27
1256,100,29.47,248756,121973,2023-06-13 06:27:32.633694,6:27
1257,100,32.87,249200,127227,2023-06-13 06:27:36.878665,6:27
1258,-100,33.92,249461,122234,2023-06-13 06:27:39.324201,6:27
